keyword,category,source
표준 이력서 8건 모음(전문가 작성가이드 포함),회사서식,bizforms
세금계산서(부가세선택),회사서식,bizforms
급여대장 및 개인급여명세서,회사서식,bizforms
견적서(세액표시),회사서식,bizforms
표준 연봉근로계약서(주40시간),회사서식,bizforms
사직서(기업표준),회사서식,bizforms
근태관리기록부(일별기록),회사서식,bizforms
미사용 연차 유급휴가 사용시기 지정 통보서(회사 → 근로자),회사서식,bizforms
주주총회 회의록,회사서식,bizforms
임금조정 동의서,회사서식,bizforms
재택근무 신청서(업무입력),회사서식,bizforms
재택근무 신청서(기본),회사서식,bizforms
업무계획 회의록,회사서식,bizforms
재택근무 업무보고서(일간),회사서식,bizforms
재택근무 업무보고서(월간),회사서식,bizforms
일정관리 회의록,회사서식,bizforms
아이디어 회의록,회사서식,bizforms
재택근무 물품대여 신청서,회사서식,bizforms
재택근무 업무보고서(주간),회사서식,bizforms
보존식 관리대장,회사서식,bizforms
재택근무 업무보고서(연간),회사서식,bizforms
재택근무 신청서(세부입력),회사서식,bizforms
일반 사직서(계약기간 만료),회사서식,bizforms
사고발생 경위서,회사서식,bizforms
공상처리 합의서,회사서식,bizforms
휴직 증명서,회사서식,bizforms
신입사원 평가표,회사서식,bizforms
협업 제안서,회사서식,bizforms
산업안전보건관리비 사용내역서,회사서식,bizforms
실행예산 총괄표,회사서식,bizforms
성공보수계약서,회사서식,bizforms
회사 소개표 (재무현황표),회사서식,bizforms
신년도 업무추진과제 (실행방안),회사서식,bizforms
공문(업무협조),회사서식,bizforms
세금계산서(기본 양식),회사서식,bizforms
성희롱 예방 교육일지(법정의무),회사서식,bizforms
장애인인식개선 교육일지,회사서식,bizforms
일반 견적서(기본),회사서식,bizforms
업무제휴 협약서,회사서식,bizforms
직무수행계획서(공무원),회사서식,bizforms
영문이력서 자동작성,회사서식,bizforms
자기소개서 자동작성,회사서식,bizforms
커버레터 자동작성,회사서식,bizforms
부서별,회사서식,bizforms
PPT,회사서식,bizforms
문서양식,회사서식,bizforms
계약서,회사서식,bizforms
이력서/자소서,회사서식,bizforms
업종별,회사서식,bizforms
스마트블록,회사서식,bizforms
서식지원 서비스,회사서식,bizforms
온라인초대장,회사서식,bizforms
자동작성,회사서식,bizforms
운세서비스,회사서식,bizforms
비즈폼 기프트,회사서식,bizforms
비즈폼 인도네시아,회사서식,bizforms
어른문방구,회사서식,bizforms
스마트 블록,회사서식,bizforms
FORM 문서,회사서식,bizforms
회사서식,회사서식,bizforms
경리서식,회사서식,bizforms
세무회계,회사서식,bizforms
인사서식,회사서식,bizforms
SAMPLE 샘플,회사서식,bizforms
기업일반,회사서식,bizforms
기획/계획/제안,회사서식,bizforms
생활/가정,회사서식,bizforms
부서별서식,회사서식,bizforms
경리부,회사서식,bizforms
인사부,회사서식,bizforms
총무부,회사서식,bizforms
관리부,회사서식,bizforms
표준서식,회사서식,bizforms
인사/관리,회사서식,bizforms
EXCEL 엑셀,회사서식,bizforms
엑셀패키지,회사서식,bizforms
경리/회계,회사서식,bizforms
인사/노무,회사서식,bizforms
총무/관리,회사서식,bizforms
PPT 파워포인트,회사서식,bizforms
PPT실제샘플,회사서식,bizforms
표준작성법,회사서식,bizforms
프리미엄PPT,회사서식,bizforms
PPT패키지,회사서식,bizforms
건설/공사/인테리어,회사서식,bizforms
근로/고용/노무,회사서식,bizforms
금전거래/채무,회사서식,bizforms
물품/납품/거래,회사서식,bizforms
취업서식 서비스,회사서식,bizforms
대기업 자기소개서,회사서식,bizforms
분야별 자기소개서,회사서식,bizforms
이력서,회사서식,bizforms
경력기술서,회사서식,bizforms
디자인서식,회사서식,bizforms
데스크플래너,회사서식,bizforms
문서템플릿(공고문),회사서식,bizforms
문서템플릿(안내문),회사서식,bizforms
문서템플릿(초청장),회사서식,bizforms
기업프리미엄 서비스,회사서식,bizforms
개인정보보호 패키지,회사서식,bizforms
사무실인테리어 디자인서식,회사서식,bizforms
비즈니스 예문,회사서식,bizforms
셀프 행사관리,회사서식,bizforms
비즈폼 매거진,회사서식,bizforms
시즌이슈/핫클릭,회사서식,bizforms
비즈폼 AI,회사서식,bizforms
입사기념일,회사서식,bizforms
비즈샵,회사서식,bizforms
명품엑셀패키지,회사서식,bizforms
엑셀통합관리 패키지,회사서식,bizforms
비즈샵 인기상품,회사서식,bizforms
저가형 상품,회사서식,bizforms
자동작성서비스,회사서식,bizforms
인사말 자동작성,회사서식,bizforms
거래명세서,회사서식,bizforms
세금계산서,회사서식,bizforms
견적서,회사서식,bizforms
비즈폼 프로그램,회사서식,bizforms
부가세계산기,회사서식,bizforms
연봉계산기,회사서식,bizforms
4대보험계산기,회사서식,bizforms
단위계산기,회사서식,bizforms
초등방학숙제,회사서식,bizforms
방학숙제패키지,회사서식,bizforms
가족독서신문,회사서식,bizforms
체험학습보고서,회사서식,bizforms
가족신문,회사서식,bizforms
독후감/독서감상문,회사서식,bizforms
서비스개요,회사서식,bizforms
이용안내,회사서식,bizforms
독후감 작성요령,회사서식,bizforms
독후감 보기,회사서식,bizforms
영문콘텐츠,회사서식,bizforms
전문파트너 서비스,회사서식,bizforms
법무/특허,회사서식,bizforms
세무/재테크,회사서식,bizforms
PT/스피치,회사서식,bizforms
기타서비스,회사서식,bizforms
비즈폼 세미나,회사서식,bizforms
스타트업패키지,회사서식,bizforms
건설업 확정정산 컨설팅,회사서식,bizforms
도서콘텐츠,회사서식,bizforms
회원안내,회사서식,bizforms
프리미엄회원 혜택,회사서식,bizforms
무료서식,회사서식,bizforms
비즈폼 표준서식 맛보기,회사서식,bizforms
인기다운로드 무료서식,회사서식,bizforms
서식꾸러미 다운로드,회사서식,bizforms
주간업데이트,회사서식,bizforms
고객센터,회사서식,bizforms
원격지원신청,회사서식,bizforms
자주묻는 질문과답변,회사서식,bizforms
고객센터 문의하기,회사서식,bizforms
공지사항,회사서식,bizforms
비회원 구매확인,회사서식,bizforms
표준서식패키지,회사서식,bizforms
기획/비서,회사서식,bizforms
계약/견적,회사서식,bizforms
무료메일,회사서식,bizforms
출근복권,회사서식,bizforms
매거진,회사서식,bizforms
사내행사 디자인,회사서식,bizforms
회사소개,회사서식,bizforms
이용약관,회사서식,bizforms
제휴문의,회사서식,bizforms
광고문의,회사서식,bizforms
개인정보취급방침,회사서식,bizforms
사이트맵,회사서식,bizforms
비즈폼,회사서식,bizforms
비즈폼으로 가입하기,회사서식,bizforms
"연봉근로계약서(주40시간_관리직, 포괄연봉제)",회사서식,bizforms
개인정보보호 교육결과보고서,회사서식,bizforms
해촉증명서,회사서식,bizforms
산업안전보건 교육결과보고서,회사서식,bizforms
개인정보보호 교육 계획안,회사서식,bizforms
포괄임금계약서,회사서식,bizforms
성희롱 예방 교육결과보고서,회사서식,bizforms
성희롱 예방 교육참석자 명단,회사서식,bizforms
육아기 근로시간 단축신청서,회사서식,bizforms
2026년 연봉 실수령액표,회사서식,bizforms
연봉근로계약서(주40시간_포괄연봉제),회사서식,bizforms
장애인인식개선 교육 참석명단,회사서식,bizforms
빌게이츠형 사업계획서(파랑),회사서식,bizforms
기업보고서,회사서식,bizforms
워크샵 계획표,회사서식,bizforms
개인정보 수집 및 이용 동의서,회사서식,bizforms
AS수리접수증,회사서식,bizforms
위임장(은행용),회사서식,bizforms
해촉증명서(제출용),회사서식,bizforms
스티븐잡스 사업계획서(초록 풍경),회사서식,bizforms
연봉근로계약서(주40시간_정규직),회사서식,bizforms
"포토, 매거진형 사업계획서(파랑 육면체)",회사서식,bizforms
인포그래픽형 사업계획서(파랑 사각무늬),회사서식,bizforms
스티브잡스형 보고서(빨강),회사서식,bizforms
스티븐잡스 사업계획서(블랙과 풍경),회사서식,bizforms
스티브잡스형 사업계획서(파랑 갈색),회사서식,bizforms
스티브잡스형 사업계획서(초록 빨강),회사서식,bizforms
"포토, 매거진형 사업계획서(초록 육면체)",회사서식,bizforms
스티브잡스형 회사소개서(파랑 갈색),회사서식,bizforms
"포토, 매거진형 회사소개서(초록)",회사서식,bizforms
인포그래픽형 사업계획서(초록 사각무늬),회사서식,bizforms
"포토, 매거진형 보고서(노랑 체크무늬)",회사서식,bizforms
스티브잡스형 회사소개서(빨강 초록),회사서식,bizforms
빌게이츠형 사업계획서(갈색),회사서식,bizforms
"포토, 매거진형 보고서(파랑 체크무늬)",회사서식,bizforms
인포그래픽형 보고서(갈색 책상),회사서식,bizforms
수료증(노동조합 교육확인),회사서식,bizforms
인포그래픽형 회사소개서(파랑 패턴),회사서식,bizforms
"포토, 매거진형 사업계획서(노랑 육면체)",회사서식,bizforms
스티브잡스형 보고서(초록),회사서식,bizforms
2025년 연봉 실수령액표,회사서식,bizforms
빌게이츠형 사업계획서(보라색 패턴),회사서식,bizforms
빌게이츠형 회사소개서(파랑 패턴),회사서식,bizforms
"포토, 매거진형 회사소개서(갈색)",회사서식,bizforms
"포토, 매거진형 보고서(빨강 체크무늬)",회사서식,bizforms
인포그래픽형 보고서(파랑 책상),회사서식,bizforms
워크샵 안내서,회사서식,bizforms
빌게이츠형 보고서(무지개),회사서식,bizforms
대리인 위임장(일반),회사서식,bizforms
빌게이츠형 회사소개서(회색 패턴),회사서식,bizforms
인포그래픽형 회사소개서(갈색 패턴),회사서식,bizforms
"제조, 생산용 보고서(파랑)",회사서식,bizforms
인포그래픽형 회사소개서(초록 패턴),회사서식,bizforms
"건설, 부동산용 보고서(파랑)",회사서식,bizforms
"제조, 생산용 보고서(빨강)",회사서식,bizforms
빌게이츠형 보고서(빨강),회사서식,bizforms
인포그래픽형 보고서(초록 책상),회사서식,bizforms
"도소매, 무역, 유통, 운송용 보고서(초록)",회사서식,bizforms
"서비스, 외식용 보고서(파랑)",회사서식,bizforms
"서비스, 외식용 보고서(짙은 파랑)",회사서식,bizforms
"건설, 부동산용 보고서(노랑)",회사서식,bizforms
"도소매, 무역, 유통, 운송용 보고서(파랑)",회사서식,bizforms
검수조서(검수사진 포함),회사서식,bizforms
"보호자 동의서(법정대리인, 아르바이트)",회사서식,bizforms
세금계산서(부가세별도),회사서식,bizforms
하절기 운영시간 일정표,회사서식,bizforms
법인카드 사용내역서,회사서식,bizforms
월간 주요업무 보고서,회사서식,bizforms
상품 기획서,회사서식,bizforms
CCTV 열람 신청서,회사서식,bizforms
노무수령 거부 통지서,회사서식,bizforms
취업규칙 의견 청취 확인서,회사서식,bizforms
근로자 근태월보,회사서식,bizforms
미사용 연차 사용시기 지정 통보서,회사서식,bizforms
취업규칙 변경 동의서,회사서식,bizforms
내부 감사 보고서,회사서식,bizforms
공적조서 (일반),회사서식,bizforms
급여 조정 확인서 (회신용),회사서식,bizforms
이사회 결의서,회사서식,bizforms
사직서(업무인수인계 포함),회사서식,bizforms
입금표 관리대장,경리서식,bizforms
채무 명세서,경리서식,bizforms
연간 매입 합계표,경리서식,bizforms
외주비 청구서,경리서식,bizforms
현금수령증,경리서식,bizforms
지출결의서(가로절 단형),경리서식,bizforms
퇴직금 수령 지급 확인서,경리서식,bizforms
입금확인증,경리서식,bizforms
일용직 계좌번호 리스트,경리서식,bizforms
거래처 이월금 리스트,경리서식,bizforms
명절선물 발송대장,경리서식,bizforms
오픈마켓별 출고 기록표,경리서식,bizforms
금전지불각서,경리서식,bizforms
고용임금확인서(어린이집),경리서식,bizforms
상세지출결의서(세로절단형),경리서식,bizforms
수입지출내역서,경리서식,bizforms
월별지출내역서(경비),경리서식,bizforms
영문급여명세서(비자용),경리서식,bizforms
연간급여명세서,경리서식,bizforms
입출금내역서양식(시재),경리서식,bizforms
산출내역서,경리서식,bizforms
월별지출내역서,경리서식,bizforms
미수금 확인서,경리서식,bizforms
월별 급여 명세표,경리서식,bizforms
월별급여내역서,경리서식,bizforms
정산내역서(선급금),경리서식,bizforms
채권확인서(외상매출),경리서식,bizforms
일일매출장부,경리서식,bizforms
대출상환계획서,경리서식,bizforms
매입매출장(제품),경리서식,bizforms
일용근로자급여대장,경리서식,bizforms
대출서식(직원대출신청서),경리서식,bizforms
강사비 지급 내역서,경리서식,bizforms
월급수령확인서,경리서식,bizforms
이사견적서(가정집),경리서식,bizforms
일용직급여대장(주차),경리서식,bizforms
일일지출내역서,경리서식,bizforms
카드사용내역서,경리서식,bizforms
기성금청구서(표형식),경리서식,bizforms
매출장부,경리서식,bizforms
급여명세서(기본),경리서식,bizforms
자금계획서,경리서식,bizforms
세금계산서관리대장,경리서식,bizforms
"일용직 급여지급,수령 영수증",경리서식,bizforms
거래사실확인서(기본),경리서식,bizforms
현금 사용내역서,경리서식,bizforms
출장비정산서,경리서식,bizforms
매출분석보고서,경리서식,bizforms
월차휴가신청서,경리서식,bizforms
자금운용 예산계획서,경리서식,bizforms
용역비청구서,경리서식,bizforms
영문견적서(간편),경리서식,bizforms
수입원가계산표,경리서식,bizforms
장기요양급여 비용명세서 발송대장,경리서식,bizforms
사업계획서(일반대출용),경리서식,bizforms
면세 계산서(간단양식),경리서식,bizforms
월별 부서간 급여명세서,경리서식,bizforms
월간생활계획표,경리서식,bizforms
월자금계획서,경리서식,bizforms
"예산 산출내역서(항목, 근거)",경리서식,bizforms
운송견적서,경리서식,bizforms
연차계산,경리서식,bizforms
일일 경리업무일지,경리서식,bizforms
환경미화원급여명세서,경리서식,bizforms
유지보수내역서(기본),경리서식,bizforms
쇼핑몰유지보수견적서,경리서식,bizforms
선금급정산서,경리서식,bizforms
영수증 관리대장,경리서식,bizforms
세금계산서발행대장,경리서식,bizforms
원산지확인서,경리서식,bizforms
접대비내역서(지출),경리서식,bizforms
이적동의서(일반),경리서식,bizforms
월급여명세서,경리서식,bizforms
지불각서(차용액),경리서식,bizforms
월 급여 명세표,경리서식,bizforms
부하계산서,경리서식,bizforms
매출 및 매입처 원장,경리서식,bizforms
경력사원 입사지원서,경리서식,bizforms
영어 재무제표,경리서식,bizforms
종무식 예산계획서,경리서식,bizforms
매입매출현황표,경리서식,bizforms
현금지급각서,경리서식,bizforms
급여관리정산표(아르바이트),경리서식,bizforms
용역실적증명서,경리서식,bizforms
영수증(퇴직금 지급),경리서식,bizforms
경비지출보고서(비경상경비),경리서식,bizforms
미결제 대금지불 각서,경리서식,bizforms
강연비 지급(수령) 확인서,경리서식,bizforms
월급확인서,경리서식,bizforms
매입매출장(간단양식),경리서식,bizforms
아르바이트 급여관리정산표,경리서식,bizforms
정리채권(담보권) 지급동의서,경리서식,bizforms
반기별 결산 및 매출계획서,경리서식,bizforms
정치후원금 관리대장,경리서식,bizforms
시간외근로수당지급내역서(가로),경리서식,bizforms
급여명세서(영문판),경리서식,bizforms
입금내역서(경비사용),경리서식,bizforms
요약재무제표,경리서식,bizforms
월급내역서,경리서식,bizforms
카드사용대장,경리서식,bizforms
매입매출보고서,경리서식,bizforms
면세계산서,경리서식,bizforms
매출매입장,경리서식,bizforms
위임장공증,경리서식,bizforms
시급계산,경리서식,bizforms
원가계산표,경리서식,bizforms
현장 급여명세서,경리서식,bizforms
가수금 입출금대장,경리서식,bizforms
세금계산서집계표,경리서식,bizforms
영문 직접법 현금흐름표,경리서식,bizforms
매출 보고서(분석),경리서식,bizforms
추정 손익계산서,경리서식,bizforms
자금사용 내역표,경리서식,bizforms
일반계산서,경리서식,bizforms
식대내역서,경리서식,bizforms
매입매출 현황표,경리서식,bizforms
거래명세표5,세무회계,bizforms
발행일별 세금계산서 발행대장,세무회계,bizforms
연말정산 협조문,세무회계,bizforms
배분금 지급 청구서,세무회계,bizforms
의료비 소득공제 증명서류 명세서,세무회계,bizforms
월 비용정산서,세무회계,bizforms
연말영수증관리,세무회계,bizforms
대차대조표,세무회계,bizforms
분개전표,세무회계,bizforms
거래명세표4,세무회계,bizforms
"거래명세표(한자, 영어)",세무회계,bizforms
거래명세표(가로 2단),세무회계,bizforms
회계전표(기본형),세무회계,bizforms
사업자등록 증명원,세무회계,bizforms
차용증(대여자용),세무회계,bizforms
부가세 표준증명원,세무회계,bizforms
일용근로소득지급조서(원천징수영수증)(소득세법 제24호(7)),세무회계,bizforms
갑종 근로소득세계산서,세무회계,bizforms
"주민세소득세할납부서, 수납의뢰서, 납부영수증",세무회계,bizforms
입금전표(세로 2단형),세무회계,bizforms
교통비명세서(6개로 구분),세무회계,bizforms
매출입금관리,세무회계,bizforms
미수확인서,세무회계,bizforms
대체전표(세로 2단형),세무회계,bizforms
"주민세(양도소득세할, 종합소득세할)신고납부서",세무회계,bizforms
손익계산서(한자 표기),세무회계,bizforms
이사회 의사록사례,세무회계,bizforms
대체전표(분개장식),세무회계,bizforms
부채증명서,세무회계,bizforms
매출장부(전면),세무회계,bizforms
"외래, 입원(퇴원, 중간)한방진료비 계산서·영수증(별지 제9호서식)",세무회계,bizforms
종업원할사업소세 명세서납부서,세무회계,bizforms
재산할 사업소세 신고 명세서,세무회계,bizforms
소득금액증명(납세서비스사무처리 규정 제10호 서식)(영문),세무회계,bizforms
거래처별계약 및 매출집계표2,세무회계,bizforms
개시 대차대조표 확인원,세무회계,bizforms
사실증명원,세무회계,bizforms
부채증명서(대출업체),세무회계,bizforms
"주민세소득세할납부서, 의뢰, 영수증",세무회계,bizforms
연말정산,세무회계,bizforms
소득세,세무회계,bizforms
지방세,세무회계,bizforms
사업소세 신고명세서,세무회계,bizforms
근로소득자소득공제신고서(별지 제37호 서식),세무회계,bizforms
매출일계표2,세무회계,bizforms
납세증명서(납세서비스사무처리 규정 제 3호 서식)(영문),세무회계,bizforms
등록세자진신고 및 세액계산서,세무회계,bizforms
갑종근로소득에 대한 소득세원천징수증명서,세무회계,bizforms
자본변동표(기업회계기준 2006.2.6),세무회계,bizforms
월 수금 계획표,세무회계,bizforms
매출장부(후면),세무회계,bizforms
매입장(전면),세무회계,bizforms
소득세 징수액 집계표확인원,세무회계,bizforms
소득자별 소득합계표,세무회계,bizforms
대체입금전표(가로형식),세무회계,bizforms
손익계산서2,세무회계,bizforms
거래처별 미수현황표,세무회계,bizforms
매출원가 명세서(약식),세무회계,bizforms
사업자등록증명(납세서비스사무처리 규정 제14호 서식)(영문),세무회계,bizforms
면세계산서(세부항목),세무회계,bizforms
()어음기입장(전면),세무회계,bizforms
[2015년 연말정산] 기부금영수증 발급명세¸ 기부금 영수증 발급명세서,세무회계,bizforms
근로소득자 소득공제신고서,세무회계,bizforms
단기 차입금 명세서(가로 서식),세무회계,bizforms
종업원할 사업소세 신고 명세서,세무회계,bizforms
매출일계표1(전면),세무회계,bizforms
대체전표(현금식),세무회계,bizforms
매입 일계표1(전면),세무회계,bizforms
대체전표(분개장식-전면),세무회계,bizforms
관계회계자산. 부채명세서,세무회계,bizforms
납세사실증명(납세서비스사무처리 규정 제32호 서식)(영문),세무회계,bizforms
고정자산 감가상각대장(건물),세무회계,bizforms
대차대조표(보고식),세무회계,bizforms
대체전표 현금식 분개법 전면,세무회계,bizforms
입금전표(분할형),세무회계,bizforms
고정자산 감가상각 대장(개별),세무회계,bizforms
매출 총 이익비교표,세무회계,bizforms
법인 인감날인 기록부(한자),세무회계,bizforms
거래처등록 및 수정신고서,세무회계,bizforms
제20호(1)유형고정자산 감가상각비 조정명세서(정률법),세무회계,bizforms
"휴업, 폐업 사실증명(납세서비스사무처리 규정 별지 제33호 서식)(영문)",세무회계,bizforms
법인세,세무회계,bizforms
()어음기입장(후면),세무회계,bizforms
거래처별 어음수불장(전면),세무회계,bizforms
채권양도통지,세무회계,bizforms
(Tax Form 37)Report of Exemption & Deduction from Income,세무회계,bizforms
특별부가세과세표준 및 세액계산서,세무회계,bizforms
고정자산 총괄대장(전면),세무회계,bizforms
대출 및 회수기록부,세무회계,bizforms
수금현황,세무회계,bizforms
매출액명세서,세무회계,bizforms
회계전표(뒷면),세무회계,bizforms
건물대장,세무회계,bizforms
받을어음 명세서,세무회계,bizforms
입금전표(전면),세무회계,bizforms
경영분석 비율표,세무회계,bizforms
대체전표(분개장식-후면),세무회계,bizforms
고정자산 감가상각대장(유별),세무회계,bizforms
부채 증명원(담보부대출),세무회계,bizforms
(Tax Form 37)Report of Exemption & Deduction from Wage&Salary Income,세무회계,bizforms
전표분개(분개전표),세무회계,bizforms
(Tax Form 37)income(Forms-3),세무회계,bizforms
고정자산 입력자료,세무회계,bizforms
매출예산서,세무회계,bizforms
대체전표(현금식분개법-후면),세무회계,bizforms
손익계산서3(전면),세무회계,bizforms
손익계산서(본문 뒷면),세무회계,bizforms
Certification of Residence for the purpose of the Double Taxation Convention(96.1.30제정(별지 제18호 서식),세무회계,bizforms
거래처별 어음 수불장(후면),세무회계,bizforms
매출일계표1(후면),세무회계,bizforms
Application for Certification of Residence(96.1.30제정(별지 제17호 서식),세무회계,bizforms
부채 증명원(카드회사),세무회계,bizforms
매입장(후면),세무회계,bizforms
법정 상속재산 명세서,세무회계,bizforms
거래사실 증명원,세무회계,bizforms
미처분 이익잉여금명세서,세무회계,bizforms
연결손익계산서 뒷면,세무회계,bizforms
관계회사자산.부채명세서,세무회계,bizforms
부채 증명원(대출업체),세무회계,bizforms
거래처 납세자 등록번호,세무회계,bizforms
무형 고정자산 명세서,세무회계,bizforms
계약직 직원명부,인사서식,bizforms
근로자명부 (일반),인사서식,bizforms
인건비 예산서 (간단양식),인사서식,bizforms
위촉증명서,인사서식,bizforms
"재직증명서(인적사항,재직사항 2단분류)",인사서식,bizforms
미사용 연차휴가 사용시기 지정통보서,인사서식,bizforms
재직증명서(간략한양식),인사서식,bizforms
미사용 연차휴가 내역서,인사서식,bizforms
야근일지,인사서식,bizforms
아르바이트 명단,인사서식,bizforms
직원별 시급 리스트,인사서식,bizforms
조퇴관리대장,인사서식,bizforms
부서별 재택근무 대상자,인사서식,bizforms
부서별 출결사항,인사서식,bizforms
일당지급 명단,인사서식,bizforms
세미나 참석 명단,인사서식,bizforms
2024년 연봉 실수령액표,인사서식,bizforms
이력서 접수 명단,인사서식,bizforms
아르바이트 시급 리스트,인사서식,bizforms
알바근로계약서,인사서식,bizforms
아르바이트근로계약서,인사서식,bizforms
"연봉근로계약서(주40시간_생산직, 제수당 별도지급)",인사서식,bizforms
해촉증명서(생명보험협회 등록말소용),인사서식,bizforms
해촉신청서,인사서식,bizforms
해촉증명서(말소용),인사서식,bizforms
휴직증명서,인사서식,bizforms
수습기간계약서,인사서식,bizforms
법인인감위임장,인사서식,bizforms
개인정보공개동의서,인사서식,bizforms
아르바이트이력서,인사서식,bizforms
사직서(권고사직),인사서식,bizforms
고용·임금 확인서,인사서식,bizforms
연봉근로계약서(주40시간_퇴직금 별도),인사서식,bizforms
사진없는이력서,인사서식,bizforms
연차유급휴가 대체사용 합의서,인사서식,bizforms
사내 전화예절 교육,인사서식,bizforms
연차관리대장,인사서식,bizforms
주주확인서(주주명부)1,인사서식,bizforms
관공서제출용 재직증명서(기본),인사서식,bizforms
어린이집사직서,인사서식,bizforms
휴가신청서(연차반차 등),인사서식,bizforms
사직 권고장,인사서식,bizforms
알바근무일지,인사서식,bizforms
알바동의서,인사서식,bizforms
업무분장표(부서별),인사서식,bizforms
알바부모동의서,인사서식,bizforms
육아휴직신청서양식,인사서식,bizforms
연차계획서,인사서식,bizforms
휴직증명서(간단양식),인사서식,bizforms
신입사원 환영문구,인사서식,bizforms
권고사직서(기본),인사서식,bizforms
일용직 급여명세서 대장,인사서식,bizforms
목격자진술서양식(상세),인사서식,bizforms
근로확인서(기본),인사서식,bizforms
연장근무확인서,인사서식,bizforms
무급휴가계,인사서식,bizforms
근무확인서(기본),인사서식,bizforms
근로계약서(간단양식),인사서식,bizforms
영어사직서,인사서식,bizforms
연차사용계획서(휴가),인사서식,bizforms
재직증명서발급대장,인사서식,bizforms
연장야간근로동의서,인사서식,bizforms
멘토링활동계획서,인사서식,bizforms
장기근속 표창장,인사서식,bizforms
우수사원 상장(무궁화 무늬),인사서식,bizforms
수령확인증(급여),인사서식,bizforms
알바계약서(기본),인사서식,bizforms
모범사원추천서(추천사유),인사서식,bizforms
퇴직합의서,인사서식,bizforms
산업안전보건교육일지,인사서식,bizforms
인원투입계획서,인사서식,bizforms
아르바이트급여명세서,인사서식,bizforms
인재채용 품의서,인사서식,bizforms
연월차휴가 관리대장,인사서식,bizforms
승진품의서,인사서식,bizforms
우수사원추천서,인사서식,bizforms
퇴직위로금 합의서,인사서식,bizforms
연장근로동의서,인사서식,bizforms
신입이력서,인사서식,bizforms
인사고과표(역량평가),인사서식,bizforms
연장근로합의서,인사서식,bizforms
개인업무평가서,인사서식,bizforms
교육결과보고서(참석자명단 포함),인사서식,bizforms
CCTV유지보수계약서,인사서식,bizforms
단체협약서,인사서식,bizforms
수령확인서(노임),인사서식,bizforms
노사합의서,인사서식,bizforms
소득총액신고서(2025),민원행정,bizforms
2024년 귀속 편리한 연말정산 사용자 메뉴얼(사업자용),민원행정,bizforms
[2024 귀속 연말정산간소화] 전산매체 제출요령 및 교복구입비 외 엑셀 서식,민원행정,bizforms
2024년 귀속 편리한 연말정산 사용자 매뉴얼(근로자용),민원행정,bizforms
2024년 귀속 종합소득세 전자신고 매뉴얼,민원행정,bizforms
2024년 귀속 금융소득 종합과세 해설,민원행정,bizforms
부동산임대차계약서,민원행정,bizforms
상가건물 임대차 표준계약서 (2024. 5. 8 개정),민원행정,bizforms
2024년 근로소득 간이세액표,민원행정,bizforms
"근로소득 원천징수영수증, 근로소득 지급명세서",민원행정,bizforms
"근로소득자 소득ㆍ세액 공제신고서(소득에 대한 연말정산용), 소득ㆍ세액 공제신고서(종교인소득에 대한 연말정산용)",민원행정,bizforms
"사업소득 원천징수영수증, 사업소득 지급명세서",민원행정,bizforms
사업자 단위 과세 사업자의 종된 사업장 명세서(법인사업자용) [별지 제4호서식 부표 3],민원행정,bizforms
사업자등록 신청서(개인사업자용)(법인이 아닌 단체의 고유번호 신청서) [별지 제4호서식],민원행정,bizforms
2024년 고령자 고용안정지원금 가이드북,민원행정,bizforms
"국민건강보험 직장가입자 보수월액 변경신청서, 국민연금 사업장가입자 기준소득월액 변경신청서, 고용ㆍ산재보험 월평균보수 변경신고서",민원행정,bizforms
"(상반기,하반기) 귀속 반기 근로장려금 신청서",민원행정,bizforms
건강·장기요양 정산보험료 분할납부 신청서,민원행정,bizforms
결혼준비대행업 표준계약서,민원행정,bizforms
"증여세과세표준신고 및 자진납부계산서(기본세율 적용 증여재산 신고용), 증여재산 및 평가명세서, 가업승계 증여세 납부유예 증여재산평가 및 납부유예  ...",민원행정,bizforms
"거주자의 사업소득 지급명세서(발행자 보고용), 거주자의 사업소득 원천징수영수증, 거주자의 사업소득 지급명세서",민원행정,bizforms
거주자의 기타소득 지급명세서,민원행정,bizforms
서면으로 제출하는 의료비 세액공제증명서류 제출 서식,민원행정,bizforms
사업자 단위 과세 등록신청서,민원행정,bizforms
옥외집회(시위ㆍ행진) 신고서,민원행정,bizforms
"중개대상물 확인ㆍ설명서[Ⅰ] (주거용 건축물), 거래 형태(매매ㆍ교환, 임대)",민원행정,bizforms
"이자ㆍ배당소득 원천징수영수증, 이자ㆍ배당소득 지급명세서",민원행정,bizforms
웹소설 분야 표준계약서_웹소설 연재 계약서,민원행정,bizforms
"소득·세액 공제신고서, 근로소득자 소득·세액 공제신고서(소득에 대한 연말정산용)",민원행정,bizforms
종합소득세ㆍ농어촌특별세 과세표준 확정신고 및 납부계산서,민원행정,bizforms
종합소득세 과세표준 확정신고 및 납부계산서 (단일소득-종교인소득자용),민원행정,bizforms
중개대상물 확인ㆍ설명서[Ⅱ] (비주거용 건축물),민원행정,bizforms
직장가입자 정산보험료 분할납부 차수 변경 신청서,민원행정,bizforms
사업자 단위 과세 사업자의 종된 사업장 명세서(개인사업자용) [별지 제4호서식 부표 2],민원행정,bizforms
"연금소득 원천징수영수증(연말정산용), 연금소득 지급명세서(연말정산용)",민원행정,bizforms
주요경비지출명세서,민원행정,bizforms
임신사실확인서,민원행정,bizforms
"근로장려금 및 자녀장려금용 계좌개설(변경, 철회)신고서",민원행정,bizforms
연금보험료 등 소득ㆍ세액 공제확인서,민원행정,bizforms
문화재 등 상속세 물납 (철회)신청서,민원행정,bizforms
국세청,민원행정,bizforms
법무부,민원행정,bizforms
기획재정부,민원행정,bizforms
고용노동부,민원행정,bizforms
보건복지부,민원행정,bizforms
국민건강보험공단,민원행정,bizforms
공정거래위원회,민원행정,bizforms
행정안전부,민원행정,bizforms
국토교통부,민원행정,bizforms
문화체육관광부,민원행정,bizforms
옥외집회 주최자·주관자·주최단체의 대표자·질서유지인·참가 예정 단체 명단,민원행정,bizforms
일인별수입금액명세서,민원행정,bizforms
"상속세(증여세) 연부연납허가(변경, 철회) 신청서, 연부연납세액 계산명세",민원행정,bizforms
"증여세과세표준신고 및 자진납부계산서(초과배당에 따른 이익의 증여재산 신고용), 증여재산 및 평가명세서, 서화ㆍ골동품 등 증여재산 명세서",민원행정,bizforms
상속세 과세가액 계산명세서,민원행정,bizforms
"종합소득세·농어촌특별세 과세표준 확정신고 및 납부계산서(단순경비율 사업, 근로, 연금, 기타소득자용)",민원행정,bizforms
"귀속 근로장려금·자녀장려금(정기, 기한 후) 신청서",민원행정,bizforms
직장가입자 보수 총액 통보서,민원행정,bizforms
웹소설 분야 표준계약서_웹소설 출판권 설정계약서,민원행정,bizforms
"증여세과세표준신고 및 자진납부계산서(특수관계법인으로부터 제공받은 사업기회로 발생한 증여의제이익 신고용), 수증자 등 및 과세가액 계산명세서(A),  ...",민원행정,bizforms
종합소득세 과세표준 확정신고 및 납부계산서(분리과세 소득자용),민원행정,bizforms
옥외집회(시위·행진) 신고서 기재사항 보완 통고서,민원행정,bizforms
옥외집회(시위ㆍ행진) 철회신고서,민원행정,bizforms
물납 재산 재평가 신청서,민원행정,bizforms
"증여세과세표준신고 및 자진납부계산서(특수관계법인과의 거래를 통한 증여의제이익 신고용), 수증자 등 및 과세가액 계산명세서(Ⅰ), 수혜법인 지배주주  ...",민원행정,bizforms
웹소설 분야 표준계약서_웹소설 전자출판 배타적발행권 설정계약서,민원행정,bizforms
중개대상물 확인ㆍ설명서[Ⅲ] (토지),민원행정,bizforms
장애인증명서,민원행정,bizforms
"공동사업자 명세, 서류를 송달받을 장소 [별지 제4호서식 부표 1]",민원행정,bizforms
"가업상속 납부유예 신청서, 가업상속재산명세서, 가업용 자산 명세",민원행정,bizforms
"상속세 물납(변경, 철회)신청서",민원행정,bizforms
중개대상물 확인ㆍ설명서[Ⅳ](입목ㆍ광업재단ㆍ공장재단),민원행정,bizforms
"가업상속공제신고서, 가업상속재산명세서, 가업용 자산 명세",민원행정,bizforms
금융재산 상속공제 신고서,민원행정,bizforms
"재해손실 공제신고서(상속세, 증여세)",민원행정,bizforms
서화·골동품 등 상속재산 명세서,민원행정,bizforms
영농상속공제신고서,민원행정,bizforms
감리일일공정보고서,민원행정,bizforms
"노무제공,미제공 사실확인서(사업주)",민원행정,bizforms
"차용증 (일반, 작성방법 포함)",민원행정,bizforms
대리인 위임장,민원행정,bizforms
"진정서(체불, 직장 내 괴롭힘, 기타 노동법 위반)",민원행정,bizforms
위임장 [별지 제3호서식],민원행정,bizforms
표준 비밀유지계약서,민원행정,bizforms
표준임대차계약서,민원행정,bizforms
정비사업 표준공사계약서,민원행정,bizforms
자동차양도증명서(양도인ㆍ양수인 직접 거래용),민원행정,bizforms
후천면역결핍증 검사확인서,민원행정,bizforms
근로자 명부 [별지 제16호서식],민원행정,bizforms
"출산전후휴가 급여등 (출산전후휴가, 유산 사산휴가, 배우자 출산휴가) 신청서",민원행정,bizforms
간편장부 소득금액계산서,민원행정,bizforms
임대보증금 일부보증에 대한 임차인 동의서(민간임대주택에 관한 특별법 시행규칙),민원행정,bizforms
"체불 임금등ㆍ사업주 확인서 (퇴직자용, 재직자용)",민원행정,bizforms
총수입금액 및 필요경비명세서,민원행정,bizforms
확정일자 신청서,민원행정,bizforms
출산전후급여등 관련 노무 미제공 사실 확인서,민원행정,bizforms
표준 재무상태표,민원행정,bizforms
정보공개서 신규등록 신청서,민원행정,bizforms
임대보증금 보증 미가입에 대한 임차인 동의서(보증금이 우선변제금 이하인 경우)(민간임대주택에 관한 특별법 시행규칙),민원행정,bizforms
표준 손익계산서,민원행정,bizforms
"출산전후휴가, 유산ㆍ사산휴가 확인서",민원행정,bizforms
표준 원가명세서,민원행정,bizforms
고령자 계속고용장려금 지급 신청서,민원행정,bizforms
"육아휴직 급여, 육아기 근로시간 단축 급여 (지급, 부지급) 결정 통지서",민원행정,bizforms
수강생 대장,민원행정,bizforms
고령자 고용지원금 지급 신청서,민원행정,bizforms
확정일자부,민원행정,bizforms
"출산전후휴가 급여등의, 출산전후급여등의, 출산전후휴가 급여등에 상당하는 금액의(지급, 부지급)결정 통지서",민원행정,bizforms
체불 임금등ㆍ사업주 확인서 발급신청서,민원행정,bizforms
융자대상사업주 확인신청서,민원행정,bizforms
표준 합계잔액시산표,민원행정,bizforms
교습비 내역 고지,민원행정,bizforms
"출산전후휴가 급여등 (출산전후휴가, 유산 사산휴가, 배우자 출산휴가) 대위 신청서",민원행정,bizforms
"간이과세자 부가가치세 간편 신고서(부동산임대업종 외 사업자용), 매입처별 세금계산서합계표",민원행정,bizforms
학원 직원명부,민원행정,bizforms
여권발급신청서 (여권법 시행규칙),민원행정,bizforms
배우자 출산휴가 확인서,민원행정,bizforms
출산육아기 고용안정장려금 지급 신청서(육아기 단축업무 분담지원금),민원행정,bizforms
"간이과세자 부가가치세 간편 신고서(부동산임대사업자용), 매입처별 세금계산서합계표",민원행정,bizforms
위임장 (여권법 시행규칙),민원행정,bizforms
소장의 작성방법,민원행정,bizforms
"간이과세자 부가가치세 (예정신고서, 신고서, 기한후과세표준신고서)",민원행정,bizforms
학원설립ㆍ운영등록증명서 재발급신청서,민원행정,bizforms
출산육아기 고용안정장려금 지급 신청서,민원행정,bizforms
여권발급신청서 (여권법 시행규칙) 작성예시,민원행정,bizforms
정보공개서(변경등록 신청서¸ 변경신고서),민원행정,bizforms
원산지(포괄)확인서,민원행정,bizforms
정보공개서의 기재사항(제4조제1항 관련)(가맹사업거래의 공정화에 관한 법률 시행령),민원행정,bizforms
"간이과세(적용, 포기, 재적용)신고서",민원행정,bizforms
출산육아기 고용안정장려금 지급 신청서(대체인력지원금),민원행정,bizforms
교육부,민원행정,bizforms
외교통상부,민원행정,bizforms
관세청,민원행정,bizforms
채무 사실확인서,법률서식,bizforms
계약파기 합의서,법률서식,bizforms
손해배상 합의서,법률서식,bizforms
소장 (무단 점유),법률서식,bizforms
처벌불원서,법률서식,bizforms
위임장(민원서류),법률서식,bizforms
탄원서(음주운전으로 인한 운전면허 취소),법률서식,bizforms
합의서(채무변제),법률서식,bizforms
차량매매계약서,법률서식,bizforms
토목공사 계약서,법률서식,bizforms
협의이혼의사확인신청서,법률서식,bizforms
합의서(폭행상해),법률서식,bizforms
상속재산 분할협의서,법률서식,bizforms
탄원서(공동사업이행),법률서식,bizforms
미수금내용증명,법률서식,bizforms
탄원서(특수절도 관련),법률서식,bizforms
고소장(변제불이행),법률서식,bizforms
선처탄원서,법률서식,bizforms
농지 임대차계약서(사용대차),법률서식,bizforms
"고소장(횡령, 명의신탁)",법률서식,bizforms
주주명부(양식),법률서식,bizforms
접근금지가처분신청서,법률서식,bizforms
채권양도 통지서(외상매출금),법률서식,bizforms
민사합의서,법률서식,bizforms
표준 부동산 가압류 신청서 4건모음(전문가 작성가이드),법률서식,bizforms
물품대금내용증명,법률서식,bizforms
합의이혼서,법률서식,bizforms
표준 부동산 처분금지 가처분 신청서 1건모음(전문가 작성가이드),법률서식,bizforms
(반소장)이혼 등(답변서 및반소),법률서식,bizforms
원룸월세계약서,법률서식,bizforms
가압류 이의신청(허위사문서 작성하여 가압류한 경우),법률서식,bizforms
표준 금전채권 가압류 신청서 5건모음(전문가 작성가이드),법률서식,bizforms
양육계획서,법률서식,bizforms
표준 직무집행정지 가처분 신청서 4건모음(전문가 작성가이드),법률서식,bizforms
표준 업무방해금지 가처분 신청서 4건모음(전문가 작성가이드),법률서식,bizforms
건축계약서,법률서식,bizforms
내용증명최고장,법률서식,bizforms
항소이유서(2) (양형부당),법률서식,bizforms
지급합의서(이혼위자료),법률서식,bizforms
전전세권설정계약서,법률서식,bizforms
형사소송,법률서식,bizforms
고소/기타소송,법률서식,bizforms
가사사건,법률서식,bizforms
민사소송,법률서식,bizforms
(가)압류/처분,법률서식,bizforms
임대차계약서,법률서식,bizforms
영상제작계약서,법률서식,bizforms
변호인의견서,법률서식,bizforms
개인회생채권에 대한 이의신청서,법률서식,bizforms
부동산매매계약서,법률서식,bizforms
공유물 분할을 위한 부동산경매신청서(형식적 경매),법률서식,bizforms
"손해배상청구 소장(유상계약의 담보책임, 계약목적달성불능, 계약해제, 원상회복, 예비적 청구, 하자보수갈음 손해배상)",법률서식,bizforms
지급명령 신청서(수표금 지급),법률서식,bizforms
재산포기각서,법률서식,bizforms
선박매매계약서,법률서식,bizforms
항소장(이혼청구사건),법률서식,bizforms
증인진술서,법률서식,bizforms
차량상속포기각서,법률서식,bizforms
채권압류 및 추심명령신청서(약속어음금),법률서식,bizforms
변론요지서(1),법률서식,bizforms
준비서면(행정 소송제기),법률서식,bizforms
채무불이행자명부등재말소신청서,법률서식,bizforms
처분금지가처분신청 진술서,법률서식,bizforms
공증위임장,법률서식,bizforms
부동산합유계약서,법률서식,bizforms
문서제출명령 신청서,법률서식,bizforms
증거인부서(1),법률서식,bizforms
홍보영상물 제작계약서,법률서식,bizforms
증거제출서(1),법률서식,bizforms
선박가압류신청서(급여 및 퇴직금보전),법률서식,bizforms
법무법인 설립등기신청서 [첨부서류 1] 법무법인 정관,법률서식,bizforms
항소이유서(1) (양형부당),법률서식,bizforms
표준 특허권 등 저작권에 대한 가처분 신청서 13건모음(전문가 작성가이드),법률서식,bizforms
담보취소신청서 2(소멸에 의한 담보취소신청),법률서식,bizforms
면접교섭의 사전처분신청서,법률서식,bizforms
접근금지가처분신청서(1),법률서식,bizforms
손해배상청구의 소(작업장에서의 안전사고),법률서식,bizforms
표준 저당권부 채권가압류 신청서 3건모음(전문가 작성가이드),법률서식,bizforms
영업사원계약서,법률서식,bizforms
표준 명도 인도 철거단행 가처분 신청서 2건모음(전문가 작성가이드),법률서식,bizforms
민사소송소장,법률서식,bizforms
명의도용내용증명,법률서식,bizforms
실내인테리어 설계계약서,법률서식,bizforms
개인회생,법률서식,bizforms
집행/경매,법률서식,bizforms
표준 증권채권 가압류 신청서 1건모음(전문가 작성가이드),법률서식,bizforms
기술정보 비밀유지계약서,법률서식,bizforms
표준 유체동산 인도단행 가처분 신청서 2건모음(전문가 작성가이드),법률서식,bizforms
회의록,법률서식,bizforms
채권압류 및 추심명령 신청서(약속어음금),법률서식,bizforms
재산명시명령신청서 1,법률서식,bizforms
장비사용계약서,법률서식,bizforms
표준 채권추심 및 처분금지 가처분 신청서 1건모음(전문가 작성가이드),법률서식,bizforms
합유명의인변경등기신청서,법률서식,bizforms
"표준 자동차, 중기, 항공기 가압류 신청서 4건모음(전문가 작성가이드)",법률서식,bizforms
변론요지서(7) (도로교통법위반),법률서식,bizforms
채권가압류신청취하 및 집행해제신청서(전부취하),법률서식,bizforms
(답변서)양수금관련(한정승인),법률서식,bizforms
문서송부촉탁 신청서,법률서식,bizforms
표준 채무자의 부작위를 명하는 가처분 신청서 7건모음(전문가 작성가이드),법률서식,bizforms
의결서,법률서식,bizforms
농업회사법인 주식회사 설립등기신청서(발기설립) [첨부서류 1] 농업회사법인 주식회사 정관례,법률서식,bizforms
(답변서)대여금관련(상속포기),법률서식,bizforms
표준 임금지급 가처분 신청서 1건모음(전문가 작성가이드),법률서식,bizforms
"항소장(대여금. 전부불복, 항소이유서 추후제출의 경우)",법률서식,bizforms
변제각서(분할),법률서식,bizforms
특별대리인선임허가 신청서,법률서식,bizforms
근저당권부 질권설정등기신청서,법률서식,bizforms
"손해배상청구 소장(변론중 소변경, 청구취지 감축 및 청구원인 변경신청, 청구일부취하)",법률서식,bizforms
강제집행에 대한 제3자 이의신청,법률서식,bizforms
가족관계등록기록의 정정허가신청서(이중등록부 정정),법률서식,bizforms
집행정지 신청서,법률서식,bizforms
지급명령 신청서(어음금 지급),법률서식,bizforms
투자금반환청구의 소(대상사업 종료),법률서식,bizforms
표준 의결권 행사금지 가처분 신청서 1건모음(전문가 작성가이드),법률서식,bizforms
민사고소장,법률서식,bizforms
보조참가 신청서(공사대금),법률서식,bizforms
표준 선박 가압류 신청서 4건모음 (전문가 작성가이드),법률서식,bizforms
"토지인도청구 소장(토지인도, 임대차종료, 소유권, 선택적 병합, 장래이행청구사건)",법률서식,bizforms
표준 금전채무 지급 가처분 신청서 4건모음(전문가 작성가이드),법률서식,bizforms
행정소송,법률서식,bizforms
학원 교육용역계약서,교육서식,bizforms
학원강사 근로계약서,교육서식,bizforms
수업 시간표,교육서식,bizforms
시간표 (생활계획표),교육서식,bizforms
대학생 시간표,교육서식,bizforms
달 관찰일지,교육서식,bizforms
시간표 (to do list),교육서식,bizforms
시간표 (메모),교육서식,bizforms
사직서(개인),교육서식,bizforms
교육 이수자 리스트,교육서식,bizforms
연구일지 회의록,교육서식,bizforms
과목별 모의고사 점수표,교육서식,bizforms
실험계획서,교육서식,bizforms
수강생 등록대장,교육서식,bizforms
개인 학원 시간표,교육서식,bizforms
수업평가 설문지,교육서식,bizforms
대학원생 실험일지,교육서식,bizforms
수강료 가격표,교육서식,bizforms
연구과제 계획서,교육서식,bizforms
시험결과 일정표,교육서식,bizforms
반장선거 투표용지,교육서식,bizforms
연구 비밀유지 계약서,교육서식,bizforms
실습 계획서,교육서식,bizforms
연구과제 제안서,교육서식,bizforms
1학기 월별 계획표,교육서식,bizforms
프로젝트 일정표,교육서식,bizforms
견학 보고서,교육서식,bizforms
독서 기록장,교육서식,bizforms
산학협력 계약서,교육서식,bizforms
연구실 관리일지,교육서식,bizforms
연구개발 현황 보고서,교육서식,bizforms
연구추진 일정표,교육서식,bizforms
학생 상담 기록표,교육서식,bizforms
일별 학습내역,교육서식,bizforms
원비 납부내역,교육서식,bizforms
결석 사유서,교육서식,bizforms
수강 일정표,교육서식,bizforms
수강 계획표,교육서식,bizforms
유아교육,교육서식,bizforms
최종연구 보고서,교육서식,bizforms
1학기 강의 시간표,교육서식,bizforms
주간학습 계획표,교육서식,bizforms
연구실 물품 사용내역,교육서식,bizforms
연구실적 목록,교육서식,bizforms
수업 계획표,교육서식,bizforms
주간 학습 계획서,교육서식,bizforms
교실비품 상태확인표,교육서식,bizforms
복습 계획표,교육서식,bizforms
과목별 진도과정,교육서식,bizforms
과목별 강의시간,교육서식,bizforms
일별 학습 체크표,교육서식,bizforms
교육활동 참가 보고서,교육서식,bizforms
연구실 과제 현황,교육서식,bizforms
1학기 공부 계획표,교육서식,bizforms
스터디그룹 명단,교육서식,bizforms
논문지도 결과보고서,교육서식,bizforms
보충 학습 계획서,교육서식,bizforms
강의실 수업 시간표,교육서식,bizforms
과목별 예습 계획표,교육서식,bizforms
체험학습 보고서,교육서식,bizforms
봉사활동 계획서,교육서식,bizforms
신규 개강반 목록,교육서식,bizforms
과목별 교재내역,교육서식,bizforms
월별 수강 기록표,교육서식,bizforms
월별 복습 기록표,교육서식,bizforms
교내 연락처 목록,교육서식,bizforms
수강과목 진도율,교육서식,bizforms
방과후수업 출석표,교육서식,bizforms
주간 보육일지,교육서식,bizforms
진학 로드맵,교육서식,bizforms
여름방학 과제 정리표,교육서식,bizforms
정년퇴임축하글(교장선생님정년퇴임식축사),교육서식,bizforms
공부계획표,교육서식,bizforms
만족도조사설문지,교육서식,bizforms
독서보고서,교육서식,bizforms
실험결과보고서,교육서식,bizforms
주제탐구보고서,교육서식,bizforms
정년퇴직인사말(중학교교사),교육서식,bizforms
대학자기소개서 학업계획서(기본양식2),교육서식,bizforms
대금청구서양식,교육서식,bizforms
동아리활동계획서,교육서식,bizforms
독서록양식(고등학생),교육서식,bizforms
어린이집 재원증명서,교육서식,bizforms
과외수강증양식,교육서식,bizforms
박물관견학 보고서,교육서식,bizforms
시간관리계획표,교육서식,bizforms
시간강사근로계약서,교육서식,bizforms
논문연구계획서,교육서식,bizforms
기말고사성적표,교육서식,bizforms
사회복지사현장실습일지,교육서식,bizforms
대학교성적표양식,교육서식,bizforms
영유아관찰일지,교육서식,bizforms
레포트표지(심플 흑백 라인)(작성방법 포함),교육서식,bizforms
업무인수인계서(어린이집),교육서식,bizforms
수업계획서양식,교육서식,bizforms
장학금교수추천서(외부장학금),교육서식,bizforms
레포트표지(밝은색상의 삼각패턴)(작성방법 포함),교육서식,bizforms
소감문양식,교육서식,bizforms
만족도설문지(부모),교육서식,bizforms
고등학교 중간고사 계획표,교육서식,bizforms
학원 원칙(학원 규정),교육서식,bizforms
레포트표지(푸른색과 회색의 심플라인)(작성방법 포함),교육서식,bizforms
학원 수강증,교육서식,bizforms
논문계획서,교육서식,bizforms
봉사활동소감문양식,교육서식,bizforms
자원봉사계획서,교육서식,bizforms
미래설계계획서,교육서식,bizforms
역사보고서(답사),교육서식,bizforms
면담일지,교육서식,bizforms
교수취업추천서,교육서식,bizforms
학원 시간표,교육서식,bizforms
공부계획표(일일),교육서식,bizforms
고등학교강의계획서,교육서식,bizforms
레포트표지(푸른 삼각패턴과 로고)(작성방법 포함),교육서식,bizforms
견학보고서샘플,교육서식,bizforms
과외수업계획서,교육서식,bizforms
수업평가설문지,교육서식,bizforms
학원 입학원서,교육서식,bizforms
차용증(금전),건설서식,bizforms
합의서(공사타절),건설서식,bizforms
공사물량 대비표,건설서식,bizforms
공사대금지불확인서,건설서식,bizforms
예정공정표(착공계서류),건설서식,bizforms
공사완료확인서(기본),건설서식,bizforms
대리인위임장(부동산),건설서식,bizforms
디자인 공사지명원(도트포인트),건설서식,bizforms
디자인 공사지명원(블루계열),건설서식,bizforms
"공사 견적서(자재비, 인건비)",건설서식,bizforms
기성청구서(1회분),건설서식,bizforms
지게차임대계약서,건설서식,bizforms
기성청구서 표지,건설서식,bizforms
공사 기성금 청구서,건설서식,bizforms
정산합의서(하도급금액),건설서식,bizforms
조경공사계약서,건설서식,bizforms
하자보증 이행각서,건설서식,bizforms
아파트 인테리어 견적서,건설서식,bizforms
건설공사시공계획서,건설서식,bizforms
조경유지관리(계획서),건설서식,bizforms
공동도급 원가안분 청구내역,건설서식,bizforms
건설공사도급계약서(하도급),건설서식,bizforms
에폭시도장공사시방서,건설서식,bizforms
선금사용내역서,건설서식,bizforms
실정보고서(공사),건설서식,bizforms
시공계약서,건설서식,bizforms
건설공사실적증명서,건설서식,bizforms
설계포기각서,건설서식,bizforms
선금청구서,건설서식,bizforms
방수공사시방서(합성고분자계 시트방수),건설서식,bizforms
조경표(관리대장),건설서식,bizforms
설계표준계약서(실내건축),건설서식,bizforms
건설 일용근로자 확인서,건설서식,bizforms
설계도서검토보고서(도면),건설서식,bizforms
설계용역계약서(건축),건설서식,bizforms
설계도서관리대장(도면포함),건설서식,bizforms
하자보수 준공계,건설서식,bizforms
토목공사견적서(일반),건설서식,bizforms
철거공사계획서,건설서식,bizforms
현장대리인변경신청서,건설서식,bizforms
재무/예산,건설서식,bizforms
건설/건축,건설서식,bizforms
부동산관리,건설서식,bizforms
시방서,건설서식,bizforms
장비투입계획서,건설서식,bizforms
도장시방서,건설서식,bizforms
공사 진행률 계산내역표,건설서식,bizforms
선금사용계획서,건설서식,bizforms
배관공사시방서(아파트),건설서식,bizforms
기성청구서(안전관리비),건설서식,bizforms
주간공정표(예정),건설서식,bizforms
시공측량성과표,건설서식,bizforms
준공보고서(공사준공정산),건설서식,bizforms
에폭시라이닝시방서,건설서식,bizforms
공사내역서(간단),건설서식,bizforms
설계변경동의서,건설서식,bizforms
공사대금청구서(간편),건설서식,bizforms
편의시설 설치 및 단열재 시공계획서,건설서식,bizforms
하자보수확인서(완료),건설서식,bizforms
정산보고서(공사준공),건설서식,bizforms
도면관리대장(고객),건설서식,bizforms
사진대장(공사),건설서식,bizforms
동절기시공계획서,건설서식,bizforms
납품서(설계용역),건설서식,bizforms
건축허가동의서,건설서식,bizforms
공동수급(입찰합의각서),건설서식,bizforms
설계내역서,건설서식,bizforms
선급금보증금납부서(간단양식),건설서식,bizforms
건설계획서,건설서식,bizforms
공사계획서(기본),건설서식,bizforms
공사원가표(실행원가예산),건설서식,bizforms
기성내역서(부분산출),건설서식,bizforms
성실이행각서,건설서식,bizforms
비사업자 확인각서,건설서식,bizforms
드라이비트시방서,건설서식,bizforms
건설견적서,건설서식,bizforms
준공검사보고서,건설서식,bizforms
미지급확인서(건설기계),건설서식,bizforms
안전보건일지(기본),건설서식,bizforms
공사일지,건설서식,bizforms
아파트공사내역서,건설서식,bizforms
예비준공검사 결과보고서,건설서식,bizforms
인테리어내역서(공정별),건설서식,bizforms
공사계약금(지급청구서),건설서식,bizforms
전기/통신,건설서식,bizforms
자재/장비,건설서식,bizforms
도면검토체크리스트,건설서식,bizforms
전도금(정산서),건설서식,bizforms
전도금내역서,건설서식,bizforms
공사자재 청구서,건설서식,bizforms
방수시방서(개량아스팔트 시트),건설서식,bizforms
건설현장관리대장,건설서식,bizforms
견적의뢰서(공사),건설서식,bizforms
공사예정표,건설서식,bizforms
공사현장 인수인계 품목대장,건설서식,bizforms
예정공정표(주간),건설서식,bizforms
안전업무일지,건설서식,bizforms
사출 견적서,건설서식,bizforms
공사현황표(간편),건설서식,bizforms
건설회사설립안내문,건설서식,bizforms
외벽방수공사 입찰공고,건설서식,bizforms
미장시방서,건설서식,bizforms
컨베이어라인 라인밸런스계획표,건설서식,bizforms
세부내역서(자재비),건설서식,bizforms
건설기계작업계획서,건설서식,bizforms
공사 일일보고서,건설서식,bizforms
견적관리대장(건설견적),건설서식,bizforms
옹벽공사견적서,건설서식,bizforms
준설공사업 안내서,건설서식,bizforms
공급승인서,건설서식,bizforms
미끄럼방지시방서,건설서식,bizforms
균열보수공사(입찰공고),건설서식,bizforms
인테리어공사자재관리표,건설서식,bizforms
가설공사표(관리대장),건설서식,bizforms
성실시공각서,건설서식,bizforms
반기보고서(안전관리),건설서식,bizforms
공사 종합자금 수지계획서,건설서식,bizforms
공사대장(간편),건설서식,bizforms
가설공사(관리대장),건설서식,bizforms
공사일보(잔업),건설서식,bizforms
공사감사패,건설서식,bizforms
유치원 신증개축계획서,건설서식,bizforms
건설기술자(경력변경),건설서식,bizforms
건설기술자 경력변경신청서,건설서식,bizforms
교육업무일지,건설서식,bizforms
용지매입신청서,건설서식,bizforms
환경/안전,건설서식,bizforms
"임대차계약서(전세, 월세)",생활서식,bizforms
"2026년 달력(월별일정,벽부착형)",생활서식,bizforms
"2026년 달력(연간일정,원페이지,공휴일 알림)",생활서식,bizforms
"2026년 달력(월별일정,메모형)",생활서식,bizforms
"2026년 달력(연간일정,원페이지,스케줄관리)",생활서식,bizforms
"2026년 달력(월별일정,시간대별,일정관리)",생활서식,bizforms
"2026년 달력(연간일정,원페이지,심플디자인)",생활서식,bizforms
"2026년 달력(연간일정,원페이지,귀여운고양이)",생활서식,bizforms
"2026년 달력(월별일정,레트로달력)",생활서식,bizforms
"2026년 달력(월별일정,월별디자인)",생활서식,bizforms
"2026년 달력(월별일정,업무관리)",생활서식,bizforms
"2026년 달력(월별일정,손없는날,이사하기좋은날)",생활서식,bizforms
"2026년 달력(주간일정,시간별스케줄관리)",생활서식,bizforms
"2026년 달력(연간일정,원페이지,일정관리)",생활서식,bizforms
"2026년 달력(주간일정,to do list)",생활서식,bizforms
"2026년 달력(연간일정,원페이지,심플이미지)",생활서식,bizforms
"2026년 달력(연간일정,원페이지,병오년 말의해 디자인)",생활서식,bizforms
"2026년 달력(월별일정,기념일,업무관리)",생활서식,bizforms
"2026년 달력(주간일정,일일스케줄관리)",생활서식,bizforms
"2026년 달력(연간일정,원페이지,디자인 문구)",생활서식,bizforms
"2026년 달력(월별일정,스케치북형)",생활서식,bizforms
"2026년 달력(연간일정,원페이지,북유럽풍 디자인)",생활서식,bizforms
"2025년 달력(원페이지,세로형,PPT달력, 일러스트디자인)",생활서식,bizforms
설 봉투_근하신년 학,생활서식,bizforms
설휴무안내(2026_한복입은말),생활서식,bizforms
설휴무안내(2026_휴무전하는말),생활서식,bizforms
새해봉투 (벚꽃문양),생활서식,bizforms
새해봉투_전통문양,생활서식,bizforms
설봉투(2026_붉은말의해),생활서식,bizforms
설봉투(2026_복을부르는말),생활서식,bizforms
새해봉투(꽃과 새),생활서식,bizforms
새해봉투(색동무늬),생활서식,bizforms
연하장 표지(학),생활서식,bizforms
연하장(2026_새해인사하는말),생활서식,bizforms
설 연하장_복주머니,생활서식,bizforms
설 연하장_까치와 해,생활서식,bizforms
"2025년 달력(원페이지,세로형,PPT달력,패턴달력)",생활서식,bizforms
"2025년 달력(원페이지,가로형,PPT달력,뱀의해)",생활서식,bizforms
설휴무안내(2025_숨은뱀),생활서식,bizforms
설봉투(2025_복을부르는뱀),생활서식,bizforms
부동산,생활서식,bizforms
설휴무안내(2025_푸른전통뱀),생활서식,bizforms
연하장(2025_푸른뱀의해),생활서식,bizforms
설봉투(2025_뱀패턴),생활서식,bizforms
차용증,생활서식,bizforms
"2025년 달력(주간일정,to do list)",생활서식,bizforms
"2025년 달력(월별일정,스케치북형)",생활서식,bizforms
"2025년 달력(연간일정,원페이지,스케줄관리)",생활서식,bizforms
설봉투(2024_귀여운아기용),생활서식,bizforms
"2025년 달력(연간일정, 원페이지, 일정관리)",생활서식,bizforms
연하장(2024_새해복많이받으세용),생활서식,bizforms
설봉투(2024_푸른청룡),생활서식,bizforms
"2025년 달력(주간일정,시간별스케줄관리)",생활서식,bizforms
2025년 달력(월별 레트로달력),생활서식,bizforms
"2025년 달력(월별일정,메모형)",생활서식,bizforms
"2025년 달력(주간일정,일일스케줄관리)",생활서식,bizforms
"2025년 달력(월별일정,손없는날,이사하기좋은날)",생활서식,bizforms
"2025년 달력(원페이지,세로형,PPT달력,푸른전통문양과뱀)",생활서식,bizforms
"2025년 달력(월별일정,업무관리)",생활서식,bizforms
"2025년 달력(월별일정,기념일,업무관리)",생활서식,bizforms
"2025년 달력(월별일정,벽부착형)",생활서식,bizforms
"2025년 달력(원페이지,세로형,PPT달력,알록달록)",생활서식,bizforms
"2025년 달력(월별일정, 시간대별 일정관리)",생활서식,bizforms
"2025년 달력(연간일정, 원페이지, 귀여운고양이)",생활서식,bizforms
2025년 달력(연간일정원페이지 심플이미지),생활서식,bizforms
"2025년 달력(월별일정,월별디자인)",생활서식,bizforms
"2025년 달력(연간일정,원페이지,디자인 문구)",생활서식,bizforms
"2025년 달력(연간일정,원페이지,공휴일 알림)",생활서식,bizforms
"2025년 달력(연간일정,원페이지,심플디자인)",생활서식,bizforms
"2025년 달력(연간일정,원페이지,을사년 뱀의해 디자인)",생활서식,bizforms
"2025년 달력(연간일정,원페이지,북유럽풍 디자인)",생활서식,bizforms
상속포기각서,생활서식,bizforms
"2022년 달력(주간일정,to do list)",생활서식,bizforms
"2022년 달력(월별일정,기념일,업무관리)",생활서식,bizforms
"2022년 달력(월별일정,업무관리)",생활서식,bizforms
"2022년 달력(연간일정,원페이지,공휴일 알림)",생활서식,bizforms
"2022년 달력(연간일정,원페이지,디자인 문구)",생활서식,bizforms
"2022년 달력(월별일정,벽부착형)",생활서식,bizforms
"2022년 달력(연간일정,원페이지,북유럽풍 디자인)",생활서식,bizforms
"2021년 달력(월별일정,업무관리)",생활서식,bizforms
"2024년 달력(연간일정,원페이지,공휴일 알림)",생활서식,bizforms
"2021년 달력(주간일정,to do list)",생활서식,bizforms
설휴무안내(전통문양),생활서식,bizforms
"2021년 달력(연간일정,원페이지,북유럽풍 디자인)",생활서식,bizforms
설휴무안내(귀여운쥐),생활서식,bizforms
"2021년 달력(연간일정,원페이지,공휴일 알림)",생활서식,bizforms
"2021년 달력(월별일정,벽부착형)",생활서식,bizforms
"2024년 달력(월별일정,벽부착형)",생활서식,bizforms
"2021년 달력(연간일정,원페이지,디자인 문구)",생활서식,bizforms
설휴무안내(황금빛쥐),생활서식,bizforms
"2024년 달력(월별일정,업무관리)",생활서식,bizforms
설휴무안내(만세했소),생활서식,bizforms
설봉투(붉은배경의 행운쥐),생활서식,bizforms
연하장(황금쥐),생활서식,bizforms
설봉투(2020쥐),생활서식,bizforms
설휴무안내(황금빛소),생활서식,bizforms
설봉투(2021신났소),생활서식,bizforms
연하장(눈이왔소),생활서식,bizforms
설봉투(2021소),생활서식,bizforms
"2024년 달력(월별일정,기념일,업무관리)",생활서식,bizforms
모임 회칙(일반),생활서식,bizforms
"2024년 달력(연간일정,원페이지,디자인 문구)",생활서식,bizforms
"2024년 달력(연간일정,원페이지,북유럽풍 디자인)",생활서식,bizforms
근저당권 해지증서,생활서식,bizforms
식단 계획표,생활서식,bizforms
건강관리 체크리스트,생활서식,bizforms
위생점검 확인표,생활서식,bizforms
도서 대출관리대장,생활서식,bizforms
"2023년 달력(월별일정,스케치북형)",생활서식,bizforms
"2025년 달력(월별일정,가로형, 데스크매트용)",생활서식,bizforms
"2023년 달력(월별일정,업무관리)",생활서식,bizforms
"2024년 달력(연간일정, 원페이지, 일정관리)",생활서식,bizforms
"2024년 달력(주간일정,일일스케줄관리)",생활서식,bizforms
경력증명서(회사발급용),생활서식,bizforms
레시피 노트(recipe note),생활서식,bizforms
"2024년 달력(월별일정,스케치북형)",생활서식,bizforms
진료확인서(실 통원일자 포함),생활서식,bizforms
차량임대계약서(유상무상),생활서식,bizforms
"2018년 달력(월별일정,업무관리)",생활서식,bizforms
"2018년 달력(주간일정,to do list)",생활서식,bizforms
"2018년 달력(월별일정,기념일,업무관리)",생활서식,bizforms
민원/법률,생활서식,bizforms
변제확인서(채무내역),금융서식,bizforms
은행 업무 위임장,금융서식,bizforms
대출금 상환 계획서,금융서식,bizforms
상계 계약서,금융서식,bizforms
대출잔액확인서,금융서식,bizforms
명도확인서,금융서식,bizforms
대지사용승낙서(은행담보물 신축건물 준공각서포함),금융서식,bizforms
금전지불각서(기본),금융서식,bizforms
기성확인서,금융서식,bizforms
결제보고서(신용카드),금융서식,bizforms
금융위임장(위임내용체크),금융서식,bizforms
대출위임장,금융서식,bizforms
재무제표확인원,금융서식,bizforms
토지 분양계획서,금융서식,bizforms
대출안내문(은행신용대출),금융서식,bizforms
변제영수증(자본감소),금융서식,bizforms
회수 위임 보류 승인신청서,금융서식,bizforms
어음반환서,금융서식,bizforms
대출거래약정서(개별거래대출용),금융서식,bizforms
대출거래약정서(인터넷대출용),금융서식,bizforms
대출거래약정서(한도거래대출용),금융서식,bizforms
손해담보 약정서,금융서식,bizforms
대출완납증명서,금융서식,bizforms
개인정보제공 동의서,금융서식,bizforms
금전차용증(기본),금융서식,bizforms
결제계좌 신고서,금융서식,bizforms
대출확약서,금융서식,bizforms
투자 의향서(LOI),금융서식,bizforms
금융 거래확인서,금융서식,bizforms
사단 법인 위임장 양식,금융서식,bizforms
금융거래정보 제공동의서,금융서식,bizforms
사용인감계(수반되는 서류 일체),금융서식,bizforms
사용인감계(주식회사),금융서식,bizforms
주민등록열람등본교부신청서,금융서식,bizforms
현장답사 보고서,금융서식,bizforms
대위변제 확인서,금융서식,bizforms
임차보증금반환확약서,금융서식,bizforms
금융거래정보 제출명령 신청서,금융서식,bizforms
자동차보험금 지급청구서,금융서식,bizforms
신용/보증/담보/채권,금융서식,bizforms
여신/금융/대출,금융서식,bizforms
외국환,금융서식,bizforms
유가증권/주식/보험,금융서식,bizforms
인우보증서(내용포함),금융서식,bizforms
확약서(한국금융공사 양식),금융서식,bizforms
선하증권,금융서식,bizforms
계좌입금 의뢰서,금융서식,bizforms
외화 송금신청서,금융서식,bizforms
대출신청서,금융서식,bizforms
상시 및 일용근로자확인서(근로자장기저축가입용),금융서식,bizforms
경매입찰 위임장,금융서식,bizforms
공사기성(준공)금 지급확인서,금융서식,bizforms
연대보증인 제외요청서,금융서식,bizforms
보증보험 이행완료 계약완료확인서,금융서식,bizforms
합의서(대물사고),금융서식,bizforms
부동산임의 경매신청서,금융서식,bizforms
자금조달 계획서(공사 관련),금융서식,bizforms
급여관리 포트폴리오,금융서식,bizforms
계좌이체 증명서,금융서식,bizforms
공무원 가계자금 융자 추천서,금융서식,bizforms
급여공제사실 확인서,금융서식,bizforms
탄원서(은행금감원),금융서식,bizforms
대출 거래약정서1,금융서식,bizforms
보험금 청구서(질병상해),금융서식,bizforms
계좌입금 의뢰서(거래은행),금융서식,bizforms
보험금수령 위임장,금융서식,bizforms
경매목록(부동산의 표시와 기타),금융서식,bizforms
사채발행의 이사회결의서,금융서식,bizforms
확약서(보증 대출신청용),금융서식,bizforms
채권양도 통지서,금융서식,bizforms
현금(직불)카드 1일 현금 인출한도 초과사용신청서,금융서식,bizforms
경매신청 대리위임장(은행용),금융서식,bizforms
경매취하서,금융서식,bizforms
경매목록(부동산임의 경매신청서),금융서식,bizforms
급여이체(지급) 의뢰서,금융서식,bizforms
취소불능 화환신용장 발행신청서(외환은행),금융서식,bizforms
부동산경매 연기신청서,금융서식,bizforms
수입화물선취 보증서(은행제출용),금융서식,bizforms
채권양도 통지위임장,금융서식,bizforms
임대인에 대한 업무협조요청문,금융서식,bizforms
예금조회서(금융거래 정보요구서),금융서식,bizforms
금융서비스 및 채권회수대행업 위임장,금융서식,bizforms
대출금 지출요청서,금융서식,bizforms
예금/출금/신탁,금융서식,bizforms
철회요청서(신용카드매출전표 뒷면 양식),금융서식,bizforms
금융 거래상황 확인서(표구성),금융서식,bizforms
계좌이체 약정서,금융서식,bizforms
예금잔액 증명서,금융서식,bizforms
사업현황서,금융서식,bizforms
합의서(대인사고),금융서식,bizforms
기성고 확인서,금융서식,bizforms
해외체류자 위임장,금융서식,bizforms
상품대금 미납분변제 최고장,금융서식,bizforms
인감서명 명판신고서,금융서식,bizforms
은행계정 조정표,금융서식,bizforms
통장자동대출 채무잔액 확인서,금융서식,bizforms
각서(직원대출),금융서식,bizforms
유치권 실행을 위한 동산경매신청서,금융서식,bizforms
기성고 청구내역서,금융서식,bizforms
공문예제(여신 업무취급지침 변경통보),금융서식,bizforms
신용정보 조회표,금융서식,bizforms
상속예금 명의변경 및 지급의뢰서,금융서식,bizforms
대출요청서,금융서식,bizforms
미지급 증명서(은행),금융서식,bizforms
협약서(분양자금 대출용),금융서식,bizforms
주식양수 양도 위임장,금융서식,bizforms
환어음(내국 신용장용),금융서식,bizforms
대출금 만기 상환 통지서,금융서식,bizforms
은행계좌 관리대장(세로),금융서식,bizforms
경매취하서 양식,금융서식,bizforms
명의변경 신청서,금융서식,bizforms
여행사 인터넷 환전업무 제휴약정서,금융서식,bizforms
부채현황표,금융서식,bizforms
상장(저축상),금융서식,bizforms
PF대출상담 및 신청서,금융서식,bizforms
백지어음보충권 위임장,금융서식,bizforms
경매기록 열람조서,금융서식,bizforms
취소불능 화환신용장 LC조건변경신청서,금융서식,bizforms
대출 신청서(품의서 겸용),금융서식,bizforms
주식 권리포기각서,금융서식,bizforms
경매비용 계산서,금융서식,bizforms
포괄근보증(근보증서),금융서식,bizforms
환리스크 관리기법 금융기관교육자료,금융서식,bizforms
영어견적서양식,영문서식,bizforms
영문퇴직증명서,영문서식,bizforms
영어여행일정표,영문서식,bizforms
영어보고서(일일진행보고),영문서식,bizforms
영문취업추천서,영문서식,bizforms
등기부등본영문번역(비자신청표형식),영문서식,bizforms
영문출장증명서,영문서식,bizforms
영어재직증명서(교회),영문서식,bizforms
영문인사말(추수감사절),영문서식,bizforms
영문 출장증명서(travel order),영문서식,bizforms
영문표창장,영문서식,bizforms
정관영문,영문서식,bizforms
졸업증명서영문,영문서식,bizforms
영문일기,영문서식,bizforms
전화기록부(영문),영문서식,bizforms
면접일정서(영문),영문서식,bizforms
이력서 컨테스트 외국어부문 우수상 수상작,영문서식,bizforms
감사편지(예문 모음),영문서식,bizforms
금전차용증서(영문),영문서식,bizforms
영문 이력서 양식(학교제출용),영문서식,bizforms
Certificate of invitation(영문초청장),영문서식,bizforms
영문 재직증명서(비자용),영문서식,bizforms
공문 예제(영문),영문서식,bizforms
위임장(power of attorney),영문서식,bizforms
무역 견적서(영문),영문서식,bizforms
영문견적서(무역거래시Quotation),영문서식,bizforms
추천서(recommendation),영문서식,bizforms
상업송장(샘플),영문서식,bizforms
영어공문(양식 및 예문),영문서식,bizforms
위임장(영문),영문서식,bizforms
"영문 양해각서(MOU, 프로젝트)",영문서식,bizforms
invoice 송장,영문서식,bizforms
영문 견적서(항목별 구분),영문서식,bizforms
비자용 급여명세서(영문),영문서식,bizforms
영문재무제표표준양식(Standard Financial Statements),영문서식,bizforms
영문이력서_Application Form(지원서 양식),영문서식,bizforms
영문호적등본,영문서식,bizforms
기본 증명서(영문),영문서식,bizforms
영문 자기소개서(커버레터),영문서식,bizforms
가족관계증명서(영문),영문서식,bizforms
유학/비자,영문서식,bizforms
영문 재직증명서(교회),영문서식,bizforms
영문 자기소개서(커버레터_간단),영문서식,bizforms
"영문 의향서(LOI, 제조판매)",영문서식,bizforms
오퍼시트,영문서식,bizforms
CERTIFICATE OF COMPLETION(영문 수료증),영문서식,bizforms
영문 성적증명서(고교),영문서식,bizforms
영문 재학증명서,영문서식,bizforms
영문 고용계약서세부사항(JOB DESCRIPTION),영문서식,bizforms
격려 및 애도편지1(영문),영문서식,bizforms
영문 추천서(직장),영문서식,bizforms
영문 견적서(Estimate Sheet),영문서식,bizforms
영문 견적서(Detailed Estimate),영문서식,bizforms
학교제출용 추천서영문양식(대학원),영문서식,bizforms
A LETTER OF INVITATION(회사면접 초청장),영문서식,bizforms
가족관계증명서(Family Relation Certificate),영문서식,bizforms
갑근세 증명서_(영문)한글97용,영문서식,bizforms
대외공문(영문),영문서식,bizforms
고등학교 성적증명서(영문),영문서식,bizforms
학교제출용 추천서영문 양식,영문서식,bizforms
"영문 양해각서(MOU, 업무협약)",영문서식,bizforms
예방접종 증명서(영문),영문서식,bizforms
영문 주민등록등본,영문서식,bizforms
영문 졸업증명서,영문서식,bizforms
Circular Letter(영문제의서),영문서식,bizforms
영문편지(모음),영문서식,bizforms
영문 재직증명서(국방부),영문서식,bizforms
출생증명서(영문),영문서식,bizforms
해외여행 동의서(Concent for oversea travel),영문서식,bizforms
영문 추천서(은행입사),영문서식,bizforms
영문 소득금액 증명원(Certificate of Income),영문서식,bizforms
표준 입학허가서,영문서식,bizforms
인터뷰양식,영문서식,bizforms
"복직예정 증명서(복직예정 증명원, 영문 비자)",영문서식,bizforms
클레임요청서,영문서식,bizforms
recommendation(유학추천서),영문서식,bizforms
호적등본(영문 비자),영문서식,bizforms
영문견적서(인쇄 매체용),영문서식,bizforms
주민등록등본(영문비자),영문서식,bizforms
재정보증서(영문비자),영문서식,bizforms
영문 에세이essay,영문서식,bizforms
소득금액 증명(영문비자),영문서식,bizforms
학술대회 영문초청장,영문서식,bizforms
갑근세 납입증명(영문),영문서식,bizforms
영어상장(대회수상)Certificate Of Merit,영문서식,bizforms
영문 초대장(회사연회 초대),영문서식,bizforms
부동산 등기부등본(비자서류-Full transfer),영문서식,bizforms
급여지급내역서-영문,영문서식,bizforms
영문 추천서(법률회사),영문서식,bizforms
영문 견적서(해외무역),영문서식,bizforms
팩스메시지(영문),영문서식,bizforms
영문 추천서(법률회사입사반대),영문서식,bizforms
영문이력서 및 자기소개서(영어교사 경력),영문서식,bizforms
유학 추천서(영문),영문서식,bizforms
영문 등기부등본,영문서식,bizforms
영문 성적증명서-중학교,영문서식,bizforms
영문 생활기록부-중학교,영문서식,bizforms
군복무 확인서(영문),영문서식,bizforms
영문 추천서(대학교 입학),영문서식,bizforms
불문 이력서,영문서식,bizforms
세미나 초청장(영문서신),영문서식,bizforms
영문 추천서(건축회사 입사),영문서식,bizforms
영문 재정보증서,영문서식,bizforms
영문견적서(물품주문시),영문서식,bizforms
환어음(은행용),영문서식,bizforms
영문 위임장(주주총회),영문서식,bizforms
영문 손익계산서 용어해석,영문서식,bizforms
회사추천서(영문),영문서식,bizforms
기밀유지 동의서샘플-영문,영문서식,bizforms
영문 기부금 영수증,영문서식,bizforms
영문 생활기록부-고등학교,영문서식,bizforms
영문 성적증명서 - 초등학교,영문서식,bizforms
검정고시성적증명서 영문증명번역내용1,영문서식,bizforms
영문납세 완납증명서,영문서식,bizforms
기본 레이아웃(비즈니스 편지작성)-영문,영문서식,bizforms
영문 경력 증명서(한글혼합),영문서식,bizforms
호적등본(영문),영문서식,bizforms
검정고시합격증명서(영문),영문서식,bizforms
Certificate Of Re-Employment(재고용증명서),영문서식,bizforms
학교 제출용 추천서 영문양식(MBA),영문서식,bizforms
"영문 의향서(LOI, 학술교류)",영문서식,bizforms
표준 건설공사하도급계약서,계약서-건설/공사,bizforms
(변호사작성) 공사 도급하도급계약서 패키지,계약서-건설/공사,bizforms
표준공사하도급계약서,계약서-건설/공사,bizforms
표준 건설공사 도급계약서,계약서-건설/공사,bizforms
표준 공사계약서(신축),계약서-건설/공사,bizforms
[2026년] 파견 근로계약서,계약서-건설/공사,bizforms
건축물 공사감리계약서,계약서-건설/공사,bizforms
표준공사도급계약서(주상복합),계약서-건설/공사,bizforms
지상권 설정 계약서,계약서-건설/공사,bizforms
민간건설공사 표준도급계약서(표지포함),계약서-건설/공사,bizforms
인테리어 계약서,계약서-건설/공사,bizforms
건설공사 하도급계약서,계약서-건설/공사,bizforms
인테리어계약서(공사),계약서-건설/공사,bizforms
건축공사표준계약서,계약서-건설/공사,bizforms
인테리어 공사도급계약서,계약서-건설/공사,bizforms
공사도급계약서,계약서-건설/공사,bizforms
시설공사계약서,계약서-건설/공사,bizforms
공사계약서(10항목),계약서-건설/공사,bizforms
[예시문]공사도급하도급계약서 샘플 및 해설집,계약서-건설/공사,bizforms
건물철거 계약서,계약서-건설/공사,bizforms
[서식표지]인테리어계약서,계약서-건설/공사,bizforms
건축공사 표준계약서,계약서-건설/공사,bizforms
인테리어시공계약서,계약서-건설/공사,bizforms
건축공사표준계약서(34개 조항),계약서-건설/공사,bizforms
민간건설공사 표준도급계약서,계약서-건설/공사,bizforms
철거 공사계약서(건물일부),계약서-건설/공사,bizforms
공사계약서(창호),계약서-건설/공사,bizforms
건축하도급계약서,계약서-건설/공사,bizforms
공사하도급추가계약서(표지포함),계약서-건설/공사,bizforms
건물 공사계약서,계약서-건설/공사,bizforms
[2026년] 표준 근로계약서,계약서-근로/고용,bizforms
[2026년] 프리랜서 근로계약서,계약서-근로/고용,bizforms
"표준근로계약서(포괄임금제,관리직사원)",계약서-근로/고용,bizforms
[2026년] 시급제 근로계약서,계약서-근로/고용,bizforms
(변호사작성) 연봉 근로계약서 패키지,계약서-근로/고용,bizforms
[2026년] 연봉제 근로계약서,계약서-근로/고용,bizforms
[2026년] 아르바이트 근로계약서,계약서-근로/고용,bizforms
[2026년] 일용직 근로계약서,계약서-근로/고용,bizforms
[2026년] 월급제 근로계약서,계약서-근로/고용,bizforms
[2026년] 계약직 근로계약서,계약서-근로/고용,bizforms
표준근로계약서(일반형/정규직),계약서-근로/고용,bizforms
[2026년] 단기간 근로계약서,계약서-근로/고용,bizforms
표준비밀유지각서(간략형),계약서-근로/고용,bizforms
[2026년] 인턴취업 근로계약서,계약서-근로/고용,bizforms
프리랜서 용역계약서,계약서-근로/고용,bizforms
표준운송용역계약서,계약서-근로/고용,bizforms
표준비밀유지계약서(상세형),계약서-근로/고용,bizforms
표준근로계약서(계약직),계약서-근로/고용,bizforms
표준근로계약서(안),계약서-근로/고용,bizforms
"표준근로계약서(주40시간,월차휴가없음)",계약서-근로/고용,bizforms
표준근로계약서(연봉제),계약서-근로/고용,bizforms
[2026년] 재택근무 근로계약서,계약서-근로/고용,bizforms
[2026년] 촉탁직 근로계약서,계약서-근로/고용,bizforms
"표준고용계약서(대표이사, 임원)",계약서-근로/고용,bizforms
[2026년] 학원 근로계약서,계약서-근로/고용,bizforms
[2026년] 외국인 근로계약서,계약서-근로/고용,bizforms
표준 연봉계약서(샘플 해설),계약서-근로/고용,bizforms
[2026년] 요리사 근로계약서,계약서-근로/고용,bizforms
[2026년] 연소자 근로계약서,계약서-근로/고용,bizforms
(변호사작성) 금전소비대차계약서 패키지,계약서-금전거래,bizforms
(변호사작성) 증여계약서 패키지,계약서-금전거래,bizforms
표준차용증,계약서-금전거래,bizforms
표준투자계약서(투자에 대해 신주를 발행하는 경우),계약서-금전거래,bizforms
표준금전소비대차계약서(상세형),계약서-금전거래,bizforms
주식회사 임원 취임승낙서,계약서-금전거래,bizforms
표준금전소비대차계약서(일반형),계약서-금전거래,bizforms
표준채무인수계약서(면책적 채무인수),계약서-금전거래,bizforms
표준영업및자산부채양수도계약서(상세형),계약서-금전거래,bizforms
표준주식질권설정계약서,계약서-금전거래,bizforms
표준채권양도합의서(간략형),계약서-금전거래,bizforms
표준주식매수선택권(스톡옵션)계약서(일반형),계약서-금전거래,bizforms
표준채권양도통지서,계약서-금전거래,bizforms
표준 주식매수선택권(스톡옵션)계약서(행사가격산정 세분화형),계약서-금전거래,bizforms
주식보관증,계약서-금전거래,bizforms
표준 주식양도(주식매매)계약서(간략형),계약서-금전거래,bizforms
주권미발행증명서,계약서-금전거래,bizforms
표준채권양도약정(합의)서(3자합의),계약서-금전거래,bizforms
표준 예금채권 질권설정계약서(기업인수시),계약서-금전거래,bizforms
표준주식매매계약서(일반형),계약서-금전거래,bizforms
표준채무인수계약서(중첩적 채무인수),계약서-금전거래,bizforms
표준양해각서(주식양수도 목적),계약서-금전거래,bizforms
주권미발행확인증,계약서-금전거래,bizforms
표준 예금채권 근질권설정계약서,계약서-금전거래,bizforms
표준소비대차계약서(용도특정),계약서-금전거래,bizforms
채권양도양수계약서,계약서-금전거래,bizforms
"금전소비대차계약서(차용, 현금)",계약서-금전거래,bizforms
권리양수양도 계약서,계약서-금전거래,bizforms
(변호사작성) 양도양수계약서 패키지,계약서-물품/납품,bizforms
(변호사작성) 매매계약서 패키지,계약서-물품/납품,bizforms
(변호사작성) 대리점계약서 패키지,계약서-물품/납품,bizforms
(변호사작성) 사용대차계약서 패키지,계약서-물품/납품,bizforms
(변호사작성) 운송계약서 패키지,계약서-물품/납품,bizforms
표준물품공급계약서(일반형),계약서-물품/납품,bizforms
표준물품공급계약서(대리점공급형태),계약서-물품/납품,bizforms
표준OEM(주문자생산)기본계약서,계약서-물품/납품,bizforms
납품계약서,계약서-물품/납품,bizforms
표준물품공급기본계약서,계약서-물품/납품,bizforms
표준물품공급계약서(간략형),계약서-물품/납품,bizforms
표준납품계약서(발주서에 따른 납품),계약서-물품/납품,bizforms
표준물품구매거래계약서,계약서-물품/납품,bizforms
표준납품(물품공급)계약서,계약서-물품/납품,bizforms
양해각서(업무제휴),계약서-물품/납품,bizforms
표준독점판매대리점계약서,계약서-물품/납품,bizforms
표준상품거래계약서(일반상품-매도인에게 유리),계약서-물품/납품,bizforms
표준상품거래계약서(완제품-매도인에게 유리),계약서-물품/납품,bizforms
표준금형제작계약서,계약서-물품/납품,bizforms
표준장비(중장비)임대차계약서,계약서-물품/납품,bizforms
표준상품거래계약서(일반상품-매수인에게 유리),계약서-물품/납품,bizforms
표준상품거래계약서(건설기계-매수인에게 유리),계약서-물품/납품,bizforms
표준상품거래계약서(기자재-일반형),계약서-물품/납품,bizforms
표준상품거래계약서(사무집기-매수인에게 유리),계약서-물품/납품,bizforms
물품 거래계약서,계약서-물품/납품,bizforms
표준상품거래계약서(금형-매수인에게 유리),계약서-물품/납품,bizforms
표준상품거래계약서(중장비-매수인에게 유리),계약서-물품/납품,bizforms
표준상품거래계약서(동산-매수인에게 유리),계약서-물품/납품,bizforms
표준상품거래계약서(기자재-매도인에게 유리),계약서-물품/납품,bizforms
표준상품거래계약서(중기계-매수인에게 유리),계약서-물품/납품,bizforms
(변호사작성) 임대차계약서 패키지,계약서-부동산,bizforms
부동산 임대 전세 계약서,계약서-부동산,bizforms
"부동산임대차, 월세계약서",계약서-부동산,bizforms
[예시문]부동산 임대차계약서 샘플 및 해설집,계약서-부동산,bizforms
(변호사작성) 전세계약서 패키지,계약서-부동산,bizforms
표준임대차계약서(상가),계약서-부동산,bizforms
표준전월세계약서(주택),계약서-부동산,bizforms
표준부동산매매계약서(부동산개발사업용),계약서-부동산,bizforms
표준사무실임대차계약서,계약서-부동산,bizforms
표준월세계약서(아파트-임대인에게 유리),계약서-부동산,bizforms
표준증여계약서(부동산),계약서-부동산,bizforms
표준임대차계약서(사무실용도),계약서-부동산,bizforms
표준전월세계약서(아파트),계약서-부동산,bizforms
표준임대차계약서(상가-임차인에게 유리),계약서-부동산,bizforms
표준상가분양계약서,계약서-부동산,bizforms
표준임대차계약서(주택),계약서-부동산,bizforms
표준양해각서(부동산매매용),계약서-부동산,bizforms
표준부동산매매계약서(건축 중 건물 매입용),계약서-부동산,bizforms
표준임대차계약서(상가-임대인에게 유리),계약서-부동산,bizforms
표준공장임대차계약서,계약서-부동산,bizforms
표준전월세계약서(상가),계약서-부동산,bizforms
표준분양대행계약서,계약서-부동산,bizforms
표준토지매매계약서(토지일부-매수인에게 유리),계약서-부동산,bizforms
표준부동산임대차계약서(대형마트 운용목적),계약서-부동산,bizforms
표준임대차계약서(토지),계약서-부동산,bizforms
표준임대차계약서(아파트-임차인에게 유리),계약서-부동산,bizforms
표준월세계약서(주택-임차인에게 유리),계약서-부동산,bizforms
표준토지매매계약서,계약서-부동산,bizforms
표준임대차계약서(아파트),계약서-부동산,bizforms
표준월세계약서(건물),계약서-부동산,bizforms
부동산거래,계약서-부동산,bizforms
(변호사작성) 동업계약서 패키지,계약서-사업/동업,bizforms
(변호사작성) 프랜차이즈계약서 패키지,계약서-사업/동업,bizforms
표준동업계약서(미용실),계약서-사업/동업,bizforms
표준동업계약서(일반형-손실의 일방부담형),계약서-사업/동업,bizforms
표준인터넷쇼핑몰동업계약서(2명이 공동경영),계약서-사업/동업,bizforms
표준식당동업계약서(2명이 공동경영),계약서-사업/동업,bizforms
표준동업계약서(간략형-10조항),계약서-사업/동업,bizforms
표준학원동업계약서(2명이 공동경영),계약서-사업/동업,bizforms
표준동업계약서(상세형-18조항),계약서-사업/동업,bizforms
표준식당동업계약서(1명이 운영책임),계약서-사업/동업,bizforms
표준인터넷쇼핑몰동업계약서(1명이 운영책임),계약서-사업/동업,bizforms
표준제조업동업계약서(2명이 공동경영),계약서-사업/동업,bizforms
표준PC방동업계약서(2명이 공동경영),계약서-사업/동업,bizforms
표준PC방동업계약서(1명이 운영책임),계약서-사업/동업,bizforms
표준주차장동업계약서(2명이 공동경영),계약서-사업/동업,bizforms
표준동업계약서(상세형-손실의 일방부담형),계약서-사업/동업,bizforms
표준학원동업계약서(1명이 운영책임),계약서-사업/동업,bizforms
표준주유소동업계약서(1명이 운영책임),계약서-사업/동업,bizforms
표준동업계약서(간략형-손실의 일방부담형),계약서-사업/동업,bizforms
표준건설업동업계약서(2명이 공동경영),계약서-사업/동업,bizforms
표준유흥주점동업계약서(2명이 공동경영),계약서-사업/동업,bizforms
표준주유소동업계약서(2명이 공동경영),계약서-사업/동업,bizforms
표준동업계약서(일반형-15조항),계약서-사업/동업,bizforms
표준설비업동업계약서(2명이 공동경영),계약서-사업/동업,bizforms
표준주차장동업계약서(1명이 운영책임),계약서-사업/동업,bizforms
표준유흥주점동업계약서(1명이 운영책임),계약서-사업/동업,bizforms
표준납품업동업계약서(2명이 공동경영),계약서-사업/동업,bizforms
표준제조업동업계약서(1명이 운영책임),계약서-사업/동업,bizforms
표준건설업동업계약서(1명이 운영책임),계약서-사업/동업,bizforms
표준납품업동업계약서(1명이 운영책임),계약서-사업/동업,bizforms
사업/동업,계약서-사업/동업,bizforms
표준저작권사용(라이센스)계약서,계약서-지식재산,bizforms
표준상표사용(라이센스)계약서,계약서-지식재산,bizforms
표준기술도입컨설팅계약서,계약서-지식재산,bizforms
표준양해각서(라이센스 계약을 위한),계약서-지식재산,bizforms
표준특허기술전용실시(라이센스)계약서,계약서-지식재산,bizforms
표준기술도입계약서(기술제공자가 외국회사일 경우),계약서-지식재산,bizforms
표준크로스(상호)라이센싱계약서,계약서-지식재산,bizforms
표준특허기술통상실시(라이센스)계약서,계약서-지식재산,bizforms
표준특허기술독점적통상실시(라이센시)계약서,계약서-지식재산,bizforms
표준기술도입계약서(일반형),계약서-지식재산,bizforms
커미션 계약서(회사간),계약서-지식재산,bizforms
상표권사용 계약서,계약서-지식재산,bizforms
특허권 양도계약서,계약서-지식재산,bizforms
라이센스 표준계약서,계약서-지식재산,bizforms
독점 라이센스 계약서,계약서-지식재산,bizforms
소프트웨어 라이센스 계약서(사용동의서),계약서-지식재산,bizforms
소프트웨어 라이센스계약서,계약서-지식재산,bizforms
캐릭터 라이센스계약서,계약서-지식재산,bizforms
커미션 보호 약정 계약서,계약서-지식재산,bizforms
출판인세 계약서(저작권),계약서-지식재산,bizforms
저작권 양도 계약서(저작자표시),계약서-지식재산,bizforms
초상권 사용계약서,계약서-지식재산,bizforms
상표라이센스 계약서,계약서-지식재산,bizforms
저작물출판 계약서,계약서-지식재산,bizforms
저작권계약서(중개계약서),계약서-지식재산,bizforms
저작권 계약서(출판인쇄),계약서-지식재산,bizforms
상표권 양도계약서,계약서-지식재산,bizforms
지식재산/라이센스,계약서-지식재산,bizforms
(변호사작성) 인수합병계약서 패키지,계약서-회사운영,bizforms
(변호사작성) 위임계약서 패키지,계약서-회사운영,bizforms
표준양해각서(일반형),계약서-회사운영,bizforms
표준이사회의사록(유상증자),계약서-회사운영,bizforms
표준 임시주주총회의사록(정관변경),계약서-회사운영,bizforms
표준기업인수계약서(간략형태),계약서-회사운영,bizforms
표준마스터프랜차이즈(가맹점)계약서,계약서-회사운영,bizforms
표준업무제휴계약서,계약서-회사운영,bizforms
투자유치(스폰서)계약서,계약서-회사운영,bizforms
표준공동연구개발계약서(갑이 개발비용부담),계약서-회사운영,bizforms
표준경영권(사업권)양수도계약서,계약서-회사운영,bizforms
표준대물변제계약서,계약서-회사운영,bizforms
표준기술인력지원계약서,계약서-회사운영,bizforms
표준 양해각서(업무제휴),계약서-회사운영,bizforms
표준사업양수도계약서(M&A대비-간략형),계약서-회사운영,bizforms
표준공동연구개발계약서(개발비용 공동분담),계약서-회사운영,bizforms
표준양해각서(영업양수도 목적),계약서-회사운영,bizforms
표준합병계약서(흡수합병-일반형),계약서-회사운영,bizforms
표준위탁연구개발계약서,계약서-회사운영,bizforms
표준영업양도계약서(점포양도),계약서-회사운영,bizforms
표준이사회의사록(신주발행),계약서-회사운영,bizforms
표준프로그램공급계약서,계약서-회사운영,bizforms
표준합병계약서(신설합병-일반형),계약서-회사운영,bizforms
표준대리점계약서(19개조항/공정거래법 이슈),계약서-회사운영,bizforms
표준산학협력연구협약서,계약서-회사운영,bizforms
표준컴퓨터유지보수계약서,계약서-회사운영,bizforms
표준 양해각서(프로젝트 추진용),계약서-회사운영,bizforms
표준제휴계약서(컨텐츠제공방식),계약서-회사운영,bizforms
회사운영,계약서-회사운영,bizforms
표준 계약해지 내용증명서(작성방법 포함),표준-기업일반,bizforms
표준 협조요청 공문(작성방법 포함),표준-기업일반,bizforms
표준 일일 업무보고서(가로형),표준-기업일반,bizforms
표준 하자보수 이행각서,표준-기업일반,bizforms
표준 업무개선 제안서,표준-기업일반,bizforms
표준 성과 분석 보고서,표준-기업일반,bizforms
표준 물품보관증,표준-기업일반,bizforms
표준 사업수행 실적확인서,표준-기업일반,bizforms
표준 채점 기준표,표준-기업일반,bizforms
표준 건축공사 견적서(작성방법 포함),표준-기업일반,bizforms
최신순,표준-기업일반,bizforms
아이디,표준-기업일반,bizforms
비밀번호찾기,표준-기업일반,bizforms
표준 권한 위임장(작성방법 포함),표준-기업일반,bizforms
"표준 견적서(작성방법, 분야별 모음)",표준-기업일반,bizforms
표준 채무금 내용증명서(작성방법 포함),표준-기업일반,bizforms
표준 부동산(임대차) 내용증명서(작성방법 포함),표준-기업일반,bizforms
표준 제품 견적서(작성방법 포함),표준-기업일반,bizforms
표준 회의록(작성방법 포함),표준-기업일반,bizforms
표준 손해배상 내용증명서(작성방법 포함),표준-기업일반,bizforms
표준 위임장(부동산),표준-기업일반,bizforms
표준 주간업무보고서,표준-기업일반,bizforms
표준 이혼 합의서,표준-기업일반,bizforms
표준 업무 협조전,표준-기업일반,bizforms
표준 전대차 동의서,표준-기업일반,bizforms
표준 인테리어공사 견적서,표준-기업일반,bizforms
표준 아이디어 회의록,표준-기업일반,bizforms
표준 재택근무 업무보고서,표준-기업일반,bizforms
표준 장마철 수방대책 관리표,표준-기업일반,bizforms
표준 거래처 평가서(간단양식),표준-기업일반,bizforms
표준 공사 실행내역서,표준-기업일반,bizforms
회사 사훈 (샘플형),표준-기업일반,bizforms
공문 (연체이자 지급 요청),표준-기업일반,bizforms
표준 거래명세표,표준-경리,bizforms
표준 개인별 은행구좌 신고서,표준-경리,bizforms
표준 오입금 반환 요청서,표준-경리,bizforms
표준 청구서 (물품대금),표준-경리,bizforms
표준 거래사실 확인서,표준-경리,bizforms
표준 퇴직금 산출명세서,표준-경리,bizforms
표준 경조사비 관리대장,표준-경리,bizforms
표준 자금일보,표준-경리,bizforms
표준 특별상여금 지급내역서,표준-경리,bizforms
표준 가지급금 지불요청서,표준-경리,bizforms
표준 추정 대차대조표,표준-경리,bizforms
표준 가지급금 정산서,표준-경리,bizforms
표준 연말 결산보고서,표준-경리,bizforms
수수료 정산표,표준-경리,bizforms
표준 연말정산자료 제출내역서,표준-경리,bizforms
환불 요청서,표준-경리,bizforms
표준 거래내역 일계표,표준-경리,bizforms
표준 급여지급 사실확인서,표준-경리,bizforms
물품청구 신청서,표준-경리,bizforms
급여통장 내역서,표준-경리,bizforms
표준 추석 상여금 지급대장,표준-경리,bizforms
이벤트 예산 보고서,표준-경리,bizforms
현장별 매입액,표준-경리,bizforms
표준 금전출납부(기본),표준-경리,bizforms
최초잔고 내역,표준-경리,bizforms
중간 매출 분석표,표준-경리,bizforms
지점별 정산금 대장,표준-경리,bizforms
표준 교통비 신청서,표준-경리,bizforms
상품제작 견적 리스트,표준-경리,bizforms
최초잔고 내역표,표준-경리,bizforms
표준 공문 (미수금 독촉),표준-경영,bizforms
표준 주주명부,표준-경영,bizforms
표준 자금운용 계획안,표준-경영,bizforms
차량운행일지,표준-경영,bizforms
법인카드 리스트,표준-경영,bizforms
월말실적 보고서,표준-경영,bizforms
표준 제품비교 리스트,표준-경영,bizforms
표준 월말실적 보고서,표준-경영,bizforms
표준 신년도 일정 계획표,표준-경영,bizforms
매입단가 변경 보고서,표준-경영,bizforms
표준 이사회 의사록,표준-경영,bizforms
제품별 매출 이익표,표준-경영,bizforms
1분기 사용금액 결산표,표준-경영,bizforms
상품 시장동향 분석표,표준-경영,bizforms
4분기 예산사용 보고서,표준-경영,bizforms
여름세일 품목내역,표준-경영,bizforms
발주확정 품목 보고서,표준-경영,bizforms
업무추진 비용 내역표,표준-경영,bizforms
잔액 내역서,표준-경영,bizforms
표준 이사회회의록,표준-경영,bizforms
표준 연구개발일지,표준-경영,bizforms
표준협약서,표준-경영,bizforms
표준 업무개선 보고서,표준-경영,bizforms
물품단가표,표준-경영,bizforms
부재중 업무보고서,표준-경영,bizforms
표준 일정 체크리스트,표준-경영,bizforms
이사회회의록(일반),표준-경영,bizforms
현장실정보고서,표준-경영,bizforms
[회사 규정 패키지] 실무용 서식 모음 30종,표준-사규규정,bizforms
[회사 규정 패키지] 문서관리 규정,표준-사규규정,bizforms
[회사 규정 패키지] 안전보건관리 규정,표준-사규규정,bizforms
[회사 규정 패키지] 정보보안 규정,표준-사규규정,bizforms
[회사 규정 패키지] 인사 규정,표준-사규규정,bizforms
[회사 규정 패키지] 전결 규정,표준-사규규정,bizforms
[회사 규정 패키지] 퇴직금 규정,표준-사규규정,bizforms
[회사 규정 패키지] 상벌 규정,표준-사규규정,bizforms
[회사 규정 패키지] 휴가 규정,표준-사규규정,bizforms
[회사 규정 패키지] 개인정보보호 규정,표준-사규규정,bizforms
사규/규정,표준-사규규정,bizforms
[회사 규정 패키지] 복리후생 규정,표준-사규규정,bizforms
[회사 규정 패키지] 취업규칙,표준-사규규정,bizforms
[회사 규정 패키지] 구매관리 규정,표준-사규규정,bizforms
[회사 규정 패키지] 비밀유지 규정,표준-사규규정,bizforms
[회사 규정 패키지] 출장 규정,표준-사규규정,bizforms
[회사 규정 패키지] 여비 규정,표준-사규규정,bizforms
[회사 규정 패키지] 복무 규정,표준-사규규정,bizforms
[회사 규정 패키지] 급여 규정,표준-사규규정,bizforms
[회사 규정 패키지] 근태관리 규정,표준-사규규정,bizforms
[회사 규정 패키지] 차량관리 규정,표준-사규규정,bizforms
[회사 규정 패키지] 교육훈련 규정,표준-사규규정,bizforms
[회사 규정 패키지] 직제 규정,표준-사규규정,bizforms
[회사 규정 패키지] 직장 내 괴롭힘 예방 규정,표준-사규규정,bizforms
[회사 규정 패키지] 경조사 규정,표준-사규규정,bizforms
[회사 규정 패키지] 회계 규정,표준-사규규정,bizforms
[회사 규정 패키지] 예산편성 및 관리 규정,표준-사규규정,bizforms
[회사 규정 패키지] 자금관리 규정,표준-사규규정,bizforms
[회사 규정 패키지] 인장관리 규정,표준-사규규정,bizforms
[회사 규정 패키지] 비품관리 규정,표준-사규규정,bizforms
[회사 규정 패키지] 경비처리 규정,표준-사규규정,bizforms
표준 사용인감계,표준-총무,bizforms
표준 장비 임대 계약서,표준-총무,bizforms
표준 구매 주문서,표준-총무,bizforms
표준 투자계약서 (일반),표준-총무,bizforms
표준 FAX 공문서,표준-총무,bizforms
표준 사내 비상연락망,표준-총무,bizforms
표준 교육 프로그램 일정표,표준-총무,bizforms
표준 재고자산 실사표,표준-총무,bizforms
표준 인감날인(반출) 신청서,표준-총무,bizforms
표준 품질관리자 선임계,표준-총무,bizforms
표준 연구개발비 사용내역서,표준-총무,bizforms
표준 명절선물 배송 의뢰서,표준-총무,bizforms
표준 감가상각비 명세서,표준-총무,bizforms
표준 회의 의사록,표준-총무,bizforms
거래처 입금완료 내역서,표준-총무,bizforms
정산 내역서,표준-총무,bizforms
노트북 관리대장,표준-총무,bizforms
표준 현장 대리인계,표준-총무,bizforms
회사 소개서,표준-총무,bizforms
문서파쇄 관리대장,표준-총무,bizforms
표준 물품 반납대장,표준-총무,bizforms
명절선물 발송대장(거래처),표준-총무,bizforms
매출예상 결과표,표준-총무,bizforms
표준 자료 요청서,표준-총무,bizforms
용역별 금전지급명단,표준-총무,bizforms
표준 판매 영수증,표준-총무,bizforms
표준 고정자산 관리대장,표준-총무,bizforms
표준 명절선물 구입신청서,표준-총무,bizforms
증명서 발급 신청서,표준-총무,bizforms
월별 방문대장,표준-총무,bizforms
표준 월별 업무실적 보고서,표준-영업,bizforms
표준 거래처 리스트 (매입매출),표준-영업,bizforms
표준 월 매출 영업보고서,표준-영업,bizforms
표준 거래처 평가서,표준-영업,bizforms
비교 견적서,표준-영업,bizforms
가격인상 보고서,표준-영업,bizforms
거래처 납품 보고서,표준-영업,bizforms
업체별 출고내역서,표준-영업,bizforms
표준 해외출장 일정표,표준-영업,bizforms
업무용 차량 리스트,표준-영업,bizforms
제품별 매출 손익계산표,표준-영업,bizforms
제품 주문관리표,표준-영업,bizforms
표준 제품판매 내역표,표준-영업,bizforms
영업성과 내역표,표준-영업,bizforms
거래처 미수금 대장,표준-영업,bizforms
거래처별 납품일 리스트,표준-영업,bizforms
납품 보고서,표준-영업,bizforms
방문수리대장,표준-영업,bizforms
거래중지 품목,표준-영업,bizforms
연휴 휴무 거래처 리스트,표준-영업,bizforms
거래처 방문일지,표준-영업,bizforms
4분기 목표금액 보고서,표준-영업,bizforms
보류내역 리스트,표준-영업,bizforms
표준 납품확약서,표준-영업,bizforms
표준 장비인수인계서,표준-영업,bizforms
영업주간보고서,표준-영업,bizforms
영업제안서,표준-영업,bizforms
납품완료서,표준-영업,bizforms
예상매출표,표준-영업,bizforms
업무계획보고서,표준-영업,bizforms
신입사원,샘플-기업일반,bizforms
신입사원 생활백서(신입사원 가이드북),샘플-기업일반,bizforms
자금투자계약서,샘플-기업일반,bizforms
인테리어공사 표준계약서,샘플-기업일반,bizforms
양도양수계약서(사업양도),샘플-기업일반,bizforms
주주간계약서,샘플-기업일반,bizforms
사업자 변경 공문,샘플-기업일반,bizforms
자기소개서,샘플-기업일반,bizforms
공무원 자기소개서(행정)_신입,샘플-기업일반,bizforms
유치원교사 자기소개서,샘플-기업일반,bizforms
공문예제(업무협조에 관한건),샘플-기업일반,bizforms
표준 회사규정 모음집(24종류),샘플-기업일반,bizforms
자기소개서(일반),샘플-기업일반,bizforms
차고지임대차계약서,샘플-기업일반,bizforms
사회복지사 자기소개서 샘플(사회복지협의회)_경력,샘플-기업일반,bizforms
지게차매매계약서,샘플-기업일반,bizforms
토사운반계약서,샘플-기업일반,bizforms
주유소임대차계약서,샘플-기업일반,bizforms
보수공사계약서,샘플-기업일반,bizforms
입점계약서,샘플-기업일반,bizforms
보트매매계약서,샘플-기업일반,bizforms
고시텔계약서,샘플-기업일반,bizforms
경영위촉계약서,샘플-기업일반,bizforms
해단식 디자인패키지,샘플-기업일반,bizforms
사내 경조휴가 규정,샘플-기업일반,bizforms
동의서,샘플-기업일반,bizforms
개인정보 활용 동의서(간단),샘플-기업일반,bizforms
개인정보 활용 동의서,샘플-기업일반,bizforms
독촉장,샘플-기업일반,bizforms
독촉장 (계약금 미지급건),샘플-기업일반,bizforms
독촉장 (서비스 이용료 미납),샘플-기업일반,bizforms
표준 회사사규(10인 이상_노동부 취업규칙포함),샘플-기업일반,bizforms
공급계약서(물품),샘플-기업일반,bizforms
경영컨설팅계약서,샘플-기업일반,bizforms
사용인감계 샘플(사용인감 법인인감 상하 구성),샘플-기업일반,bizforms
양해각서(MOU 업무협약),샘플-기업일반,bizforms
월세계약서(부동산),샘플-기업일반,bizforms
공문예제(게임대회 안내),샘플-기업일반,bizforms
회사내규,샘플-기업일반,bizforms
협조문,샘플-기업일반,bizforms
사내업무 협조문,샘플-기업일반,bizforms
사과문,샘플-기업일반,bizforms
경위서 (업무과실),샘플-기업일반,bizforms
요청문,샘플-기업일반,bizforms
업무협조 요청문,샘플-기업일반,bizforms
자료요청서,샘플-기업일반,bizforms
라이선스 연장 요청문,샘플-기업일반,bizforms
물품구매 요청문,샘플-기업일반,bizforms
오류 점검 요청문,샘플-기업일반,bizforms
자료조사 요청문,샘플-기업일반,bizforms
납품확인서(물품),샘플-기업일반,bizforms
납품계약서(물품납품),샘플-기업일반,bizforms
공급계약서(독점공급),샘플-기업일반,bizforms
업무협조 공문,샘플-기업일반,bizforms
대금지급 요청공문,샘플-기업일반,bizforms
임대차계약서(부동산)(3),샘플-기업일반,bizforms
공문예제(대학에 발송하는 구인 관련),샘플-기업일반,bizforms
광고계약서,샘플-기업일반,bizforms
장소사용계약서,샘플-기업일반,bizforms
임가공계약서,샘플-기업일반,bizforms
공문예제(행사후원 요청),샘플-기업일반,bizforms
공문예제(월례회의 개최 및 공지사항 알림),샘플-기업일반,bizforms
생산직 자기소개서(삼성중공업)_신입,샘플-기업일반,bizforms
영문서식,샘플-기업일반,bizforms
방송제작 견적서(영상물제작비),샘플-기업일반,bizforms
공문예제(정기총회 소집),샘플-기업일반,bizforms
반성문(업무상실수),샘플-기업일반,bizforms
"기안,계획,기획서",샘플-기획제안,bizforms
공사연장신청서,샘플-기획제안,bizforms
미사용 연차유급휴가 사용계획서,샘플-기획제안,bizforms
공사기간연장서,샘플-기획제안,bizforms
"사업 기획서(홍보,마케팅_SNS강조)",샘플-기획제안,bizforms
보고서,샘플-기획제안,bizforms
인터넷쇼핑몰 동계워크샵 발표자료,샘플-기획제안,bizforms
웹서비스 이메일마케팅 분석보고서,샘플-기획제안,bizforms
사업 기획서(사회복지_로봇AI기술),샘플-기획제안,bizforms
웹서비스(영어자동작성서비스) 스토리보드,샘플-기획제안,bizforms
인터넷콘텐츠업체 디자인팀 워크샵 발표자료,샘플-기획제안,bizforms
회사소개서,샘플-기획제안,bizforms
회사 조직도,샘플-기획제안,bizforms
휴직계,샘플-기획제안,bizforms
"[디자인] 명찰, 이름표",샘플-기획제안,bizforms
면접 질문지(항목별),샘플-기획제안,bizforms
면접 평가표(체점표),샘플-기획제안,bizforms
퇴직확인서,샘플-기획제안,bizforms
퇴직자용 비밀유지서약서,샘플-기획제안,bizforms
[디자인]졸업장,샘플-기획제안,bizforms
제안서,샘플-기획제안,bizforms
"부동산 매입 의향서(제안서,DM발송용)",샘플-기획제안,bizforms
사용인감계(법인),샘플-기획제안,bizforms
청렴 서약서,샘플-기획제안,bizforms
메모지(귀여운 말풍선 디자인 4종),샘플-기획제안,bizforms
칭찬쿠폰(아이스크림무료이용권 2종),샘플-기획제안,bizforms
물품공급확인서(기본),샘플-기획제안,bizforms
가격표,샘플-기획제안,bizforms
"이름표, 명찰 3종(회장, 반장, 주번, 당번)",샘플-기획제안,bizforms
송년회 상장(연말 감사패),샘플-기획제안,bizforms
윤리 서약서,샘플-기획제안,bizforms
세미나 계획서,샘플-기획제안,bizforms
시말서,샘플-기획제안,bizforms
고객상담 관리카드(인테리어),샘플-기획제안,bizforms
체육대회 초대장(교직원),샘플-기획제안,bizforms
퇴직면담표(퇴직사유체크),샘플-기획제안,bizforms
할로윈데이 쿠폰 2종,샘플-기획제안,bizforms
2013년 실천계획표,샘플-기획제안,bizforms
세미나 일정표,샘플-기획제안,bizforms
메모지(필기도구 디자인 4종),샘플-기획제안,bizforms
퇴직자 확인사항 리스트,샘플-기획제안,bizforms
비계 내역서,샘플-기획제안,bizforms
[디자인] 상품권,샘플-기획제안,bizforms
직무수행 계획서(환경보존 계획),샘플-기획제안,bizforms
건설 품질관리 계획서,샘플-기획제안,bizforms
"발송기안문(기안서, 팩스)",샘플-기획제안,bizforms
월간일정표(만년달력),샘플-기획제안,bizforms
기안서,샘플-기획제안,bizforms
프로젝트 계획서 양식,샘플-기획제안,bizforms
행사참여 기안용지,샘플-기획제안,bizforms
안전관리 계획서(기본),샘플-기획제안,bizforms
소방 계획서,샘플-기획제안,bizforms
문서 기안문 양식(별지2),샘플-기획제안,bizforms
학업 계획서 영문(대학원),샘플-기획제안,bizforms
수학계획서(학업),샘플-기획제안,bizforms
6하원칙작성요령,샘플-기획제안,bizforms
성희롱예방 교육일지 및 명부,샘플-기획제안,bizforms
프로그램 개발 계획서,샘플-기획제안,bizforms
특별교육 기안용지,샘플-기획제안,bizforms
"감사보고서(동창회, 향우회)",샘플-기획제안,bizforms
게임 기획서,샘플-기획제안,bizforms
인력활용 계획서(외국인고용),샘플-기획제안,bizforms
연간계획표(진도 계획표),샘플-기획제안,bizforms
사업계획서,샘플-기획제안,bizforms
서비스기획 사업계획서(Product Communication System DB 마케팅),샘플-기획제안,bizforms
내용증명,샘플-법률,bizforms
내용증명서(물품 대금 결제관련),샘플-법률,bizforms
내용증명서(채무 불이행건),샘플-법률,bizforms
표준 내용증명 답변서,샘플-법률,bizforms
내용증명(채무 독촉),샘플-법률,bizforms
내용증명(미수금 외상대금),샘플-법률,bizforms
내용증명(임대차 계약해지),샘플-법률,bizforms
내용증명(하자누수 곰팡이 피해 복구),샘플-법률,bizforms
내용증명(하자보수 누수 피해 복구),샘플-법률,bizforms
내용증명(미수금 공사대금),샘플-법률,bizforms
내용증명서(채무 불이행),샘플-법률,bizforms
내용증명(하자보수 공사 하자),샘플-법률,bizforms
"내용증명(임금 노무, 사업주 임금 체불)",샘플-법률,bizforms
내용증명(채무 불이행),샘플-법률,bizforms
내용증명(채무 사기죄),샘플-법률,bizforms
내용증명서(물품해약통고),샘플-법률,bizforms
내용증명 답변서(상표권 침해에 대한),샘플-법률,bizforms
내용증명(미수금 학원비 미납),샘플-법률,bizforms
내용증명(임대차 보증금반환),샘플-법률,bizforms
"내용증명(임금 노무, 퇴직금 미지급 독촉)",샘플-법률,bizforms
내용증명(미수금 관리비 미납),샘플-법률,bizforms
내용증명(임대차 임대료 체납),샘플-법률,bizforms
"내용증명(임금 노무, 근로자 근무태만)",샘플-법률,bizforms
내용증명(하자보수 인테리어 공사 하자),샘플-법률,bizforms
내용증명 답변서(물품대금 청구에 대한),샘플-법률,bizforms
내용증명(이혼 양육비 청구),샘플-법률,bizforms
내용증명(계약해지 분양권),샘플-법률,bizforms
내용증명(계약해지 웨딩홀),샘플-법률,bizforms
내용증명(임대차 퇴거요구),샘플-법률,bizforms
내용증명(이혼 협의이혼 요청),샘플-법률,bizforms
내용증명(미수금 할부대금),샘플-법률,bizforms
내용증명 답변서(전세금 반환에 대한),샘플-법률,bizforms
내용증명(미수금 운임대금 렌트카),샘플-법률,bizforms
"내용증명(임금 노무, 출근 독촉)",샘플-법률,bizforms
내용증명(이혼 재산분할 청구),샘플-법률,bizforms
내용증명 답변서(임대료 인상 요구에 대한),샘플-법률,bizforms
내용증명(물품 반환 촉구),샘플-법률,bizforms
내용증명서(납품대금 결제),샘플-법률,bizforms
내용증명(이혼 양육비 증액 요청),샘플-법률,bizforms
내용증명(물품 납품지연),샘플-법률,bizforms
내용증명(계약해지 학습지),샘플-법률,bizforms
내용증명서(임대료 연체에 대한 임대차 계약 해지),샘플-법률,bizforms
탄원서,샘플-법률,bizforms
가석방 탄원서,샘플-법률,bizforms
소멸시효 이행의 소,샘플-법률,bizforms
승계집행문 이의신청서,샘플-법률,bizforms
내용증명서 양식(기본),샘플-법률,bizforms
내용증명(청약철회요구),샘플-법률,bizforms
지급명령에 대한 이의신청 및 답변,샘플-법률,bizforms
내용증명통지서샘플_부동산임대차에대한재계약및해지를하고자할때,샘플-법률,bizforms
내용증명통지서샘플_임차인이임대보증금반환을청구하고자할 때,샘플-법률,bizforms
금전차용각서,샘플-법률,bizforms
내용증명통지서(부동산매매에대한채무이행거절에대한통지를할때),샘플-법률,bizforms
내용증명서(장비납품 잔액결제를 독촉하는 경우),샘플-법률,bizforms
내용증명(항변권통지서),샘플-법률,bizforms
내용증명통지서샘플_전세금반환요구서,샘플-법률,bizforms
내용증명통지서샘플_임대차계약해제통지서에대한임대인의답변,샘플-법률,bizforms
내용증명통지서(부동산매매계약에따른위약금지급촉구),샘플-법률,bizforms
내용증명통지서샘플_보증금변환,샘플-법률,bizforms
내용증명통지서_부동산매매에따른 중도금을지불해주지않을때,샘플-법률,bizforms
선처 탄원서 (운전면허 취소),샘플-법률,bizforms
선처 탄원서 (폭력사건),샘플-법률,bizforms
"상장,안내장",샘플-생활가정,bizforms
수료증(교육훈련이수),샘플-생활가정,bizforms
메모지(말풍선 디자인 4종),샘플-생활가정,bizforms
가정통신문,샘플-생활가정,bizforms
[디자인] 가정통신문(수련회),샘플-생활가정,bizforms
메뉴판(핑크배경_표지포함),샘플-생활가정,bizforms
수료증(한글학교 교육이수),샘플-생활가정,bizforms
편지예문,샘플-생활가정,bizforms
생일편지글,샘플-생활가정,bizforms
[디자인] 가정통신문(소풍),샘플-생활가정,bizforms
부고장,샘플-생활가정,bizforms
"부고장(사내공고, 부친상_배경디자인포함)",샘플-생활가정,bizforms
가정통신문(추석 연휴 휴무),샘플-생활가정,bizforms
상장(인사잘하는 어린이),샘플-생활가정,bizforms
회갑초대장,샘플-생활가정,bizforms
칭찬 스티커,샘플-생활가정,bizforms
메뉴판(체크무늬_표지포함),샘플-생활가정,bizforms
[디자인] 가정통신문(담임인사),샘플-생활가정,bizforms
[디자인] 가정통신문(교육비인상),샘플-생활가정,bizforms
일러스트 디자인 녹색 상장 테두리,샘플-생활가정,bizforms
[디자인] 가정통신문(면담안내),샘플-생활가정,bizforms
부친상부고장,샘플-생활가정,bizforms
어린이집가정통신문,샘플-생활가정,bizforms
[디자인] 가정통신문(급식),샘플-생활가정,bizforms
[디자인] 가정통신문(담임변경),샘플-생활가정,bizforms
식목일가정통신문,샘플-생활가정,bizforms
"감사카드(발렌타인데이, 사랑고백_꽃무늬)",샘플-생활가정,bizforms
[디자인] 가정통신문(일정),샘플-생활가정,bizforms
공로상 상장,샘플-생활가정,bizforms
[디자인] 가정통신문(보충수업),샘플-생활가정,bizforms
소감문,샘플-생활가정,bizforms
미술작품감상문,샘플-생활가정,bizforms
"감사카드(발렌타인데이, 사랑고백_하트무늬)",샘플-생활가정,bizforms
황금잎 디자인 상장 테두리,샘플-생활가정,bizforms
[디자인] 가정통신문(수업료 납부),샘플-생활가정,bizforms
리본 강조 디자인 금색 상장 테두리,샘플-생활가정,bizforms
왕관메달 디자인 상장 테두리,샘플-생활가정,bizforms
수료식가정통신문,샘플-생활가정,bizforms
뮤지컬감상문,샘플-생활가정,bizforms
개근상 상장,샘플-생활가정,bizforms
상장(어린이 우정상),샘플-생활가정,bizforms
예단편지,샘플-생활가정,bizforms
황금 월계관 디자인 다색 상장 테두리,샘플-생활가정,bizforms
취업교육수료증,샘플-생활가정,bizforms
1등메달 디자인 상장 테두리,샘플-생활가정,bizforms
메달 디자인 검은색 상장테두리,샘플-생활가정,bizforms
푸른 리본 디자인 상장 테두리,샘플-생활가정,bizforms
교육수료소감문,샘플-생활가정,bizforms
가족일기장,샘플-생활가정,bizforms
상장(어린이 저축),샘플-생활가정,bizforms
상단 왕관 디자인 상장 테두리,샘플-생활가정,bizforms
식중독예방안내문,샘플-생활가정,bizforms
회색 디자인 상장 테두리,샘플-생활가정,bizforms
월계관 및 메달 디자인 푸른색 상장 테두리,샘플-생활가정,bizforms
직장체험소감문,샘플-생활가정,bizforms
남색 및 금색 디자인 상장 테두리,샘플-생활가정,bizforms
적색 디자인 상장 테두리,샘플-생활가정,bizforms
모자이크 디자인 상장 테두리,샘플-생활가정,bizforms
좌측 삼색 디자인 상장 테두리,샘플-생활가정,bizforms
[좋은글] 마음의 고통을 다루는 기술,샘플-생활가정,bizforms
동창회 모임 초대장,샘플-생활가정,bizforms
"결혼식 초대장(정중한 문구, 상하단 물결무늬)",샘플-생활가정,bizforms
부고장(아버지의 별세),샘플-생활가정,bizforms
연애편지(연인에게 보내는 편지),샘플-생활가정,bizforms
스승의 날 감사편지(학부모가 담임선생님께),샘플-생활가정,bizforms
[2026년] 표준 취업규칙,샘플-계약서식,bizforms
[2025년] 표준 취업규칙,샘플-계약서식,bizforms
[2024년] 표준 취업규칙,샘플-계약서식,bizforms
금전차용증,샘플-계약서식,bizforms
표준 취업규칙,샘플-계약서식,bizforms
퇴직금 포기 각서,샘플-계약서식,bizforms
디지털콘텐츠 공급계약서,샘플-계약서식,bizforms
소프트웨어 용역계약서(한글),샘플-계약서식,bizforms
소프트웨어 용역계약서(영문),샘플-계약서식,bizforms
디지털콘텐츠 유지보수 계약서,샘플-계약서식,bizforms
동업해지계약서,샘플-계약서식,bizforms
재개발 재건축 사업 공사계약서,샘플-계약서식,bizforms
금전 차용증 (기본),샘플-계약서식,bizforms
NDA 계약서,샘플-계약서식,bizforms
프로젝트 용역계약서,샘플-계약서식,bizforms
법인간 차량임대차 계약서,샘플-계약서식,bizforms
금전 차용증 (기한이익 상실사유 명시),샘플-계약서식,bizforms
위임장 (직원에게 위임할 때),샘플-계약서식,bizforms
기본 지상권 설정 계약서,샘플-계약서식,bizforms
라이센스,샘플-계약서식,bizforms
대리점인증서,샘플-계약서식,bizforms
프랜차이즈(외식업)표준계약서 (2019년 개정),샘플-계약서식,bizforms
프랜차이즈(편의점업)표준계약서 (2019년 개정),샘플-계약서식,bizforms
프렌차이즈(교육서비스업)표준계약서(2019년 개정),샘플-계약서식,bizforms
프랜차이즈(도소매업)표준계약서(2019년 개정),샘플-계약서식,bizforms
음악 수익 및 저작권 계약서,샘플-계약서식,bizforms
이력서(기본),샘플-취업서식,bizforms
"표준 자기소개서(인사규정, 작성방법 포함)",샘플-취업서식,bizforms
영문이력서 resume (지원자 사진 추가),샘플-취업서식,bizforms
경력기술서 (브랜드 디자이너),샘플-취업서식,bizforms
경력기술서 (출판기획자),샘플-취업서식,bizforms
경력기술서 (대학병원 간호사),샘플-취업서식,bizforms
경력기술서 (그래픽 디자이너),샘플-취업서식,bizforms
경력기술서 (의료기기 영업직),샘플-취업서식,bizforms
경력기술서 (인사기획직),샘플-취업서식,bizforms
경력기술서 (전략기획),샘플-취업서식,bizforms
경력기술서 (영상 디자이너),샘플-취업서식,bizforms
경력기술서 (증권영업),샘플-취업서식,bizforms
경력기술서 (콘텐츠 디자이너),샘플-취업서식,bizforms
경력기술서 (R&D 기획직),샘플-취업서식,bizforms
경력기술서 (자동차 영업),샘플-취업서식,bizforms
경력기술서 (앱 디자이너),샘플-취업서식,bizforms
경력기술서 (치위생사),샘플-취업서식,bizforms
경력기술서 (게임디자이너),샘플-취업서식,bizforms
경력기술서 (웹 기획자),샘플-취업서식,bizforms
경력기술서 (캐릭터 디자이너),샘플-취업서식,bizforms
이력서양식,샘플-취업서식,bizforms
잘 쓴 자기소개서,샘플-취업서식,bizforms
영문이력서,샘플-취업서식,bizforms
경력기술서 (산업 디자이너),샘플-취업서식,bizforms
경력기술서 (부동산 영업직),샘플-취업서식,bizforms
경력기술서 (해외 영업직),샘플-취업서식,bizforms
경력기술서 (네트워크 영업직),샘플-취업서식,bizforms
경력기술서 (광고 영업),샘플-취업서식,bizforms
경력기술서 (일러스트레이터),샘플-취업서식,bizforms
경력기술서 (행사기획),샘플-취업서식,bizforms
경력기술서 (산업 간호사),샘플-취업서식,bizforms
경력기술서 (소아과간호사),샘플-취업서식,bizforms
경력기술서 (여행사 영업직),샘플-취업서식,bizforms
경력기술서 (렌탈 영업직),샘플-취업서식,bizforms
경력기술서 (프랜차이즈 영업),샘플-취업서식,bizforms
경력기술서 (주류영업),샘플-취업서식,bizforms
경력기술서 (마취간호사),샘플-취업서식,bizforms
경력기술서 (이비인후과 간호사),샘플-취업서식,bizforms
"직무수행계획서(교육기관,대학,행정)",샘플-취업서식,bizforms
"영업, 해외영업 자기소개서",샘플-취업서식,bizforms
공무원 자기소개서,샘플-취업서식,bizforms
자기소개서 작성 가이드,샘플-취업서식,bizforms
직무수행계획서(전산_사이트제작),샘플-취업서식,bizforms
직무수행계획서,샘플-취업서식,bizforms
[공채대비] 효성 해외영업 자기소개서,샘플-취업서식,bizforms
한국농수산식품공사 수출 자기소개서,샘플-취업서식,bizforms
롯데그룹 유통 자기소개서,샘플-취업서식,bizforms
스타벅스커피코리아 매장관리 자기소개서2,샘플-취업서식,bizforms
㈜크라운제과 품질관리 자기소개서,샘플-취업서식,bizforms
POSCO 생산기술 자기소개서,샘플-취업서식,bizforms
[공채대비] 현대오일뱅크 사무직 자기소개서,샘플-취업서식,bizforms
[공채대비] 에스원 첨단보안직(SE) 자기소개서,샘플-취업서식,bizforms
OCI 경영지원 자기소개서,샘플-취업서식,bizforms
롯데케미칼 생산관리 자기소개서,샘플-취업서식,bizforms
아시아나항공 승무원 자기소개서,샘플-취업서식,bizforms
한국전력공사 통신 자기소개서,샘플-취업서식,bizforms
휴비스 생산관리 자기소개서,샘플-취업서식,bizforms
스타벅스커피코리아 매장관리 자기소개서1,샘플-취업서식,bizforms
한국타이어 마케팅 자기소개서,샘플-취업서식,bizforms
[공채대비] 신세계푸드 영양사 자기소개서,샘플-취업서식,bizforms
[공채대비] SK 텔레콤 구매팀 자기소개서,샘플-취업서식,bizforms
현대중공업 설계 자기소개서,샘플-취업서식,bizforms
[공채대비] 삼성전자로지텍 경영지원 자기소개서,샘플-취업서식,bizforms
01표준 차용증(작성방법 포함),부서-경리부,bizforms
02표준 회계규정(작성방법 포함),부서-경리부,bizforms
03표준 현금흐름표(작성방법 포함),부서-경리부,bizforms
04표준 합계잔액시산표(작성방법 포함),부서-경리부,bizforms
05표준 퇴직금 중간정산신청서(작성방법 포함),부서-경리부,bizforms
06표준 출금전표(작성방법 포함),부서-경리부,bizforms
07표준 총계정원장(계정별 보조원장)(작성방법 포함),부서-경리부,bizforms
08표준 지출원인행위결의서(작성방법 포함),부서-경리부,bizforms
09표준 지불각서(작성방법 포함),부서-경리부,bizforms
10표준 재무제표(대차대조표)(작성방법 포함),부서-경리부,bizforms
기본 급여명세서(작성방법 포함),부서-경리부,bizforms
표준 위임장(작성방법 포함),부서-경리부,bizforms
표준 차용증(작성방법 포함),부서-경리부,bizforms
퇴직금 지급일자 연기 합의서,부서-경리부,bizforms
표준 사용인감계(작성방법 포함),부서-경리부,bizforms
현금차용증,부서-경리부,bizforms
"급여대장, 급여명세서 통합관리 서식",부서-경리부,bizforms
거래명세서(세액포함),부서-경리부,bizforms
표준 지불각서(작성방법 포함),부서-경리부,bizforms
입출금 내역서,부서-경리부,bizforms
임금명세서,부서-경리부,bizforms
매입매출장,부서-경리부,bizforms
법인카드 사용 내역서,부서-경리부,bizforms
손익 분석표,부서-경리부,bizforms
예산사용계획서,부서-경리부,bizforms
매입처별 세금계산서 합계표,부서-경리부,bizforms
법인카드 발급신청서,부서-경리부,bizforms
수입내역서,부서-경리부,bizforms
세금계산서 발행 요청서,부서-경리부,bizforms
인원별 금액 정산서,부서-경리부,bizforms
매입 거래내역서,부서-경리부,bizforms
휴가비 지급내역서,부서-경리부,bizforms
차량유지비 관리대장,부서-경리부,bizforms
대금결제 요청서,부서-경리부,bizforms
2분기 예산 편성표,부서-경리부,bizforms
급여대장,부서-경리부,bizforms
지점별 매출 합계표,부서-경리부,bizforms
설날 이벤트 매출표,부서-경리부,bizforms
사업별 예산 지급표,부서-경리부,bizforms
매출 입금관리표,부서-경리부,bizforms
지사별 현금출납부,부서-경리부,bizforms
수지결산서,부서-경리부,bizforms
행사 비용정산서,부서-경리부,bizforms
차입금 상환계획표,부서-경리부,bizforms
출장경비 정산서,부서-경리부,bizforms
연휴기간 매출액,부서-경리부,bizforms
사업별 배정액 리스트,부서-경리부,bizforms
외상매입현황표,부서-경리부,bizforms
수당 지급 신청서,부서-경리부,bizforms
급여/퇴직금,부서-경리부,bizforms
대금청구,부서-경리부,bizforms
입출금/전표,부서-경리부,bizforms
매입매출,부서-경리부,bizforms
재무제표,부서-경리부,bizforms
비품/자산,부서-경리부,bizforms
회계장부,부서-경리부,bizforms
할인품목 리스트,부서-경리부,bizforms
학자금 지급 신청서,부서-경리부,bizforms
현금지급영수증,부서-경리부,bizforms
회계결산보고서,부서-경리부,bizforms
지출결의서,부서-경리부,bizforms
학원급여명세서,부서-경리부,bizforms
"세금계산서 입출력(부가세포함,별도)",부서-경리부,bizforms
퇴직금중간정산신청서,부서-경리부,bizforms
"거래명세서 및 세금계산서(동시작성, 부가세선택)",부서-경리부,bizforms
지출결의서(세로절단형),부서-경리부,bizforms
거래처별 거래내역서,부서-경리부,bizforms
직원급여대장,부서-경리부,bizforms
현금수령확인서,부서-경리부,bizforms
통장입출금내역서,부서-경리부,bizforms
지출품의서(청구 및 지출결의서 포함),부서-경리부,bizforms
수입지출보고서,부서-경리부,bizforms
수입지출장부,부서-경리부,bizforms
현금차용증서,부서-경리부,bizforms
일일 지출현황(기본양식),부서-경리부,bizforms
거래처별 매출관리대장,부서-경리부,bizforms
급여미지급확인서,부서-경리부,bizforms
대출금관리대장,부서-경리부,bizforms
월말 종합 결산보고서,부서-경리부,bizforms
품의서(교육훈련),부서-경리부,bizforms
학원현금출납부,부서-경리부,bizforms
식대정산서,부서-경리부,bizforms
물품 구입품의서,부서-경리부,bizforms
상여금관리대장,부서-경리부,bizforms
집행내역서,부서-경리부,bizforms
품의서(간단),부서-경리부,bizforms
회비관리대장,부서-경리부,bizforms
현금출납부,부서-경리부,bizforms
지출예산서,부서-경리부,bizforms
퇴직금 중간정산 신청서 및 서약서,부서-경리부,bizforms
"현금보관증, 영수증",부서-경리부,bizforms
시간외수당지급내역서,부서-경리부,bizforms
차량 가계부,부서-경리부,bizforms
예산지원요청서,부서-경리부,bizforms
퇴직금산정명세서,부서-경리부,bizforms
해외출장비정산서,부서-경리부,bizforms
야근 식대 내역서,부서-경리부,bizforms
거래처별 수금예상내역서,부서-경리부,bizforms
분기별실적보고서,부서-경리부,bizforms
거래내역표,부서-경리부,bizforms
소요경비 예산서,부서-경리부,bizforms
경조사비용 관리대장,부서-경리부,bizforms
추석선물 리스트,부서-경리부,bizforms
지출월계표,부서-경리부,bizforms
급여확인증,부서-경리부,bizforms
학자금지원신청서,부서-경리부,bizforms
급여입금 내역서,부서-경리부,bizforms
야유회경비명세서,부서-경리부,bizforms
퇴직금지출결의서,부서-경리부,bizforms
명절 이벤트 결과 보고서,부서-경리부,bizforms
지급계획서,부서-경리부,bizforms
예산관리대장,부서-경리부,bizforms
현금매출명세서,부서-경리부,bizforms
구매예산서,부서-경리부,bizforms
결제리스트,부서-경리부,bizforms
경비지급 신청서,부서-경리부,bizforms
추가수당 지급표,부서-경리부,bizforms
급여과세대장,부서-경리부,bizforms
연휴기간근무수당지급서,부서-경리부,bizforms
3분기 중간 점검표,부서-경리부,bizforms
성수기 손익분석표,부서-경리부,bizforms
하계 매출 평가서,부서-경리부,bizforms
기념일 행사 제품 판매내역,부서-경리부,bizforms
비수기 가격 조정표,부서-경리부,bizforms
하계상품 판매현황,부서-경리부,bizforms
급여명세서(일용직),부서-경리부,bizforms
표준 월별 결산보고서(일일입력월별관리),부서-경리부,bizforms
급여지급 명세서,부서-경리부,bizforms
"금전출납부(누적관리,10페이지 자동출력)",부서-경리부,bizforms
금전출납부,부서-경리부,bizforms
기성청구서,부서-경리부,bizforms
표준 대금청구서(작성방법 포함),부서-경리부,bizforms
거래명세표(일반),부서-경리부,bizforms
입금증,부서-경리부,bizforms
출장관리,부서-경리부,bizforms
01표준 사직서(작성방법 포함),부서-인사부,bizforms
02주간업무 보고서,부서-인사부,bizforms
03퇴직사실확인서,부서-인사부,bizforms
04표준 육아휴직신청서(작성방법 포함),부서-인사부,bizforms
05경력증명서 (제출용),부서-인사부,bizforms
06표준 면접평가표(작성방법 포함),부서-인사부,bizforms
07경력증명서(일반),부서-인사부,bizforms
08표준 근로계약서(주5일제 기준)(작성방법 포함),부서-인사부,bizforms
09표준 연봉계약서(작성방법 포함),부서-인사부,bizforms
10표준 근로계약서(작성방법 포함),부서-인사부,bizforms
표준 이력서(작성방법 포함),부서-인사부,bizforms
재직증명서,부서-인사부,bizforms
표준 사직서(작성방법 포함),부서-인사부,bizforms
[퇴사 패키지] 실무용 서식 모음 9종,부서-인사부,bizforms
표준 취업규칙(작성방법 포함),부서-인사부,bizforms
표준 자기소개서(작성방법 포함),부서-인사부,bizforms
[퇴사 패키지] 권고 사직서,부서-인사부,bizforms
아르바이트 출근부,부서-인사부,bizforms
승진대상자 심사표,부서-인사부,bizforms
채용계획서,부서-인사부,bizforms
출근부 (심플형),부서-인사부,bizforms
인턴 출근부,부서-인사부,bizforms
인원점검표,부서-인사부,bizforms
재직증명서(기본),부서-인사부,bizforms
표준 시말서(작성방법 포함),부서-인사부,bizforms
표준 근로계약서(작성방법 포함),부서-인사부,bizforms
표준 입사지원서(자기소개서 경력기술서 포함)(작성방법 포함),부서-인사부,bizforms
표준 조직도(작성방법 포함),부서-인사부,bizforms
"안전보건 관리 계획서(착공용, 종합건설)",부서-인사부,bizforms
경력증명서(일반),부서-인사부,bizforms
표준 근로계약서(주5일제 기준)(작성방법 포함),부서-인사부,bizforms
표준 면접평가표(작성방법 포함),부서-인사부,bizforms
[인사평가 패키지] 실무용 서식 모음 24종,부서-인사부,bizforms
부서별 전화번호부,부서-인사부,bizforms
일용직 급여내역서,부서-인사부,bizforms
개인별 면담일지,부서-인사부,bizforms
주간업무 보고서,부서-인사부,bizforms
수습사원 업무일지,부서-인사부,bizforms
경력증명서 (제출용),부서-인사부,bizforms
외근 업무일지,부서-인사부,bizforms
출장 계획서,부서-인사부,bizforms
활동 증명서,부서-인사부,bizforms
3분기 기획서,부서-인사부,bizforms
안전보건 교육일지,부서-인사부,bizforms
표준 인사평가표(공통)(작성방법 포함),부서-인사부,bizforms
퇴사자 연차 정산서,부서-인사부,bizforms
[인사평가 패키지] 계약직/파견직 인사평가표,부서-인사부,bizforms
[인사평가 패키지] 인사평가 규정 (가이드라인),부서-인사부,bizforms
[인사평가 패키지] 종합 인사평가서,부서-인사부,bizforms
채용관리,부서-인사부,bizforms
급여/퇴직,부서-인사부,bizforms
인사기록,부서-인사부,bizforms
근태관리,부서-인사부,bizforms
인사발령/인사고과,부서-인사부,bizforms
문서관리,부서-인사부,bizforms
업무보고,부서-인사부,bizforms
교육훈련,부서-인사부,bizforms
공휴일 근무자 리스트,부서-인사부,bizforms
[인사평가 패키지] 승진/승급 심사 인사평가표,부서-인사부,bizforms
출근인원 리스트,부서-인사부,bizforms
[인사평가 패키지] 인사평가 이의 신청서,부서-인사부,bizforms
부서별 업무분장표,부서-인사부,bizforms
[인사평가 패키지] 직무 기술서,부서-인사부,bizforms
[인사평가 패키지] 신입사원 인사평가표,부서-인사부,bizforms
코로나 재택근무자 명단,부서-인사부,bizforms
[인사평가 패키지] 인사평가 종합표,부서-인사부,bizforms
[인사평가 패키지] 개인별 인사평가 결과표,부서-인사부,bizforms
생산직 근무시간표,부서-인사부,bizforms
건강검진 명단,부서-인사부,bizforms
부서별 계획 일정표,부서-인사부,bizforms
연차정산 내역표,부서-인사부,bizforms
일용직 계좌 리스트,부서-인사부,bizforms
외근업무 일정표,부서-인사부,bizforms
유급휴가 신청 명단,부서-인사부,bizforms
인사평가 기초자료,부서-인사부,bizforms
동계 워크샵 일정표,부서-인사부,bizforms
외근 리스트,부서-인사부,bizforms
교육 지원금,부서-인사부,bizforms
인사발령 공고문,부서-인사부,bizforms
퇴직금 중간정산 신청서,부서-인사부,bizforms
면접 일정표,부서-인사부,bizforms
부서별 주말 근무자,부서-인사부,bizforms
성과금 지급 리스트,부서-인사부,bizforms
교육수료자 명단,부서-인사부,bizforms
임신기간 근로시간 단축신청서,부서-인사부,bizforms
휴가취합 명단,부서-인사부,bizforms
면접조별 명단,부서-인사부,bizforms
부서이동 명단,부서-인사부,bizforms
퇴직사실확인서,부서-인사부,bizforms
상반기 성과분석표,부서-인사부,bizforms
상담원 교대근무표,부서-인사부,bizforms
승진 대상자 명단,부서-인사부,bizforms
2분기 계획 회의록,부서-인사부,bizforms
업무복귀자 명단,부서-인사부,bizforms
부서별 연락처 리스트,부서-인사부,bizforms
3분기 매출 계획서,부서-인사부,bizforms
해촉 증명서,부서-인사부,bizforms
3분기 계획표,부서-인사부,bizforms
연휴선물 지급표,부서-인사부,bizforms
승진 내역표,부서-인사부,bizforms
부서별 개인 업무내역,부서-인사부,bizforms
교육 일정표,부서-인사부,bizforms
근속포상 명단,부서-인사부,bizforms
병가 신청서,부서-인사부,bizforms
상여금 지급 리스트,부서-인사부,bizforms
근로시간 합계표,부서-인사부,bizforms
휴가자 인수인계 명단,부서-인사부,bizforms
입사지원 리스트,부서-인사부,bizforms
교육참가 보고서,부서-인사부,bizforms
휴가사용 정산표,부서-인사부,bizforms
부서별 외출일지,부서-인사부,bizforms
부서별 진급명단,부서-인사부,bizforms
연말성과 우수자 명단,부서-인사부,bizforms
신년도 인원 변동표,부서-인사부,bizforms
점검 요청 목록,부서-인사부,bizforms
교육별 인원명단,부서-인사부,bizforms
휴일 근무신청서,부서-인사부,bizforms
시간외근무 일지,부서-인사부,bizforms
증명서 발급내역,부서-인사부,bizforms
승진 추천서,부서-인사부,bizforms
프로젝트 요약서,부서-인사부,bizforms
지각·조퇴·결근 사유서,부서-인사부,bizforms
결근 사유서,부서-인사부,bizforms
인사발령 명단,부서-인사부,bizforms
2분기 성과금 배분명단,부서-인사부,bizforms
부서별 신입사원 명단,부서-인사부,bizforms
2분기 회의록,부서-인사부,bizforms
동계 이벤트 일정표,부서-인사부,bizforms
연말 부서별 상담일정,부서-인사부,bizforms
부서별 자격취득 목록,부서-인사부,bizforms
복직 신청서,부서-인사부,bizforms
부서별 연휴 당직표,부서-인사부,bizforms
부서별 하계 일정표,부서-인사부,bizforms
재택근무 신청서,부서-인사부,bizforms
01업무협조(주거환경개선조합 관련 현황 공유)(작성방법 포함),부서-총무부,bizforms
02상품권 구매·사용 관리대장,부서-총무부,bizforms
031분기 결산 내역,부서-총무부,bizforms
04표준 양도양수계약서(주식)(작성방법 포함),부서-총무부,bizforms
05표준 납품계약서(물품납품)(작성방법 포함),부서-총무부,bizforms
06기념일 행사 제품 리스트,부서-총무부,bizforms
07회식비용청구서,부서-총무부,bizforms
08현금출납부,부서-총무부,bizforms
09해외출장요청서,부서-총무부,bizforms
"10재무상황(대차대조표, 손익계산서)",부서-총무부,bizforms
표준 공문(작성방법 포함),부서-총무부,bizforms
(위임장) 일반,부서-총무부,bizforms
내용증명서(간단양식),부서-총무부,bizforms
상품권 구매·사용 관리대장,부서-총무부,bizforms
상품권 인수증,부서-총무부,bizforms
폐기문서 목록표,부서-총무부,bizforms
도서구입 신청서,부서-총무부,bizforms
부서별 비상연락망,부서-총무부,bizforms
부서별 비품관리대장,부서-총무부,bizforms
특가 기획전 가격표,부서-총무부,bizforms
1분기 결산 내역,부서-총무부,bizforms
사내 비품 관리 대장,부서-총무부,bizforms
연말 예산점검표,부서-총무부,bizforms
물품 인수증,부서-총무부,bizforms
사고발생 보고서,부서-총무부,bizforms
택배 발송대장,부서-총무부,bizforms
법인인감 날인대장,부서-총무부,bizforms
추석선물 발송내역 (거래처),부서-총무부,bizforms
경조금 지급신청서,부서-총무부,bizforms
자체 소독 대장,부서-총무부,bizforms
시설이용신청서,부서-총무부,bizforms
건강검진 미수검자 명단,부서-총무부,bizforms
소화기 점검대장,부서-총무부,bizforms
전산 소모품 출납관리표,부서-총무부,bizforms
대여품 반납 요청서,부서-총무부,bizforms
일일업무일지,부서-총무부,bizforms
사용인감계(주식회사 사용인감 신고),부서-총무부,bizforms
휴일근로동의서,부서-총무부,bizforms
보고서 일반(간단양식),부서-총무부,bizforms
주간 회의록(간단양식),부서-총무부,bizforms
표준 납품계약서(물품납품)(작성방법 포함),부서-총무부,bizforms
회의록(업무협의),부서-총무부,bizforms
휴일근무계획서,부서-총무부,bizforms
결재승인요청서,부서-총무부,bizforms
회사경력증명서,부서-총무부,bizforms
회사사고경위서,부서-총무부,bizforms
업무별진행일정표,부서-총무부,bizforms
품목 리스트,부서-총무부,bizforms
작업일지,부서-총무부,bizforms
주간 일정표,부서-총무부,bizforms
공문발송,부서-총무부,bizforms
주주관리,부서-총무부,bizforms
인사노무,부서-총무부,bizforms
안전/보안,부서-총무부,bizforms
거래처관리,부서-총무부,bizforms
회의록(부서별 지시사항),부서-총무부,bizforms
비품대장(부서별),부서-총무부,bizforms
해외출장 사용경비 정산서,부서-총무부,bizforms
비품구입요청서,부서-총무부,bizforms
회식비용청구서,부서-총무부,bizforms
공정별단가표,부서-총무부,bizforms
워크샵 예산 계획서,부서-총무부,bizforms
일일안전순찰일지,부서-총무부,bizforms
해외출장요청서,부서-총무부,bizforms
기계수리품의서,부서-총무부,bizforms
도서 신청서(일반양식),부서-총무부,bizforms
차량지원신청서,부서-총무부,bizforms
당직순찰일지,부서-총무부,bizforms
감사통지서(간단양식),부서-총무부,bizforms
협동기관입금내역확인서,부서-총무부,bizforms
기념일 행사 제품 리스트,부서-총무부,bizforms
물품반납대장,부서-총무부,bizforms
업무개선사항(일반),부서-총무부,bizforms
수발대장,부서-총무부,bizforms
사무실입출기록부,부서-총무부,bizforms
지불연기협의서,부서-총무부,bizforms
가격절충요청서,부서-총무부,bizforms
출장비용 계산서,부서-총무부,bizforms
워크샵 결과 보고서,부서-총무부,bizforms
문서처리서,부서-총무부,bizforms
블랙프라이데이 판매정산,부서-총무부,bizforms
프로모션 물품리스트,부서-총무부,bizforms
기념일 판매정산,부서-총무부,bizforms
교통비지불증,부서-총무부,bizforms
수능할인 판매정산,부서-총무부,bizforms
시정요구서,부서-총무부,bizforms
가을특가제품 매출내역서,부서-총무부,bizforms
블랙프라이데이 재고품목,부서-총무부,bizforms
표준 주주명부(본사용)(작성방법 포함),부서-총무부,bizforms
표준 총판계약서(대리점)(작성방법 포함),부서-총무부,bizforms
인감증명 위임장(일반),부서-총무부,bizforms
공문(기안지),부서-총무부,bizforms
표준 양도양수계약서(주식)(작성방법 포함),부서-총무부,bizforms
재직증명서 확인(신청인용),부서-총무부,bizforms
계약해지통지,부서-총무부,bizforms
아르바이트 고용계약서,부서-총무부,bizforms
표준 급여지급확인서(제출용)(작성방법 포함),부서-총무부,bizforms
표준 이사회 의사록(작성방법 포함),부서-총무부,bizforms
내용증명서에 대하여,부서-총무부,bizforms
표준 거래처원장(월별),부서-총무부,bizforms
사용인감계(계약 및 수금),부서-총무부,bizforms
주식회사 위임장 모음,부서-총무부,bizforms
근무사실 확인서,부서-총무부,bizforms
공문양식(시행문_정보통신),부서-총무부,bizforms
공사지명원(내용)OO종합건설,부서-총무부,bizforms
부동산 위임장,부서-총무부,bizforms
팩스전송문(FAX MESSAGE),부서-총무부,bizforms
"재무상황(대차대조표, 손익계산서)",부서-총무부,bizforms
인감증명신청 위임장,부서-총무부,bizforms
사실확인서,부서-총무부,bizforms
인명부전화번호부,부서-총무부,bizforms
사내공문,부서-총무부,bizforms
진료확인서(병원입원),부서-총무부,bizforms
졸업증명서(고등학교),부서-총무부,bizforms
실습일지(사회복지),부서-총무부,bizforms
FAX발송용,부서-총무부,bizforms
주식명의개서신청서,부서-총무부,bizforms
업무협조(주거환경개선조합 관련 현황 공유)(작성방법 포함),부서-총무부,bizforms
회칙(계모임),부서-총무부,bizforms
"위임장 및 재직증명서(공사, 입찰 등)",부서-총무부,bizforms
팩스표지(영문),부서-총무부,bizforms
상속포기각서(자동차),부서-총무부,bizforms
배당교부표등본교부신청 위임장,부서-총무부,bizforms
업무일지,부서-총무부,bizforms
입찰서(별지5호서식),부서-총무부,bizforms
전화번호부,부서-총무부,bizforms
은행ARS 위임장(비밀번호오류초과장애해제),부서-총무부,bizforms
주식인수 위임장,부서-총무부,bizforms
안전사고 경위서(보고서),부서-총무부,bizforms
배당교부표 및 집행비용계산서등본 교부신청 위임장,부서-총무부,bizforms
01표준 공사하도급계약서(17조항)(작성방법 포함),부서-건설부,bizforms
02표준 도급계약서(건물신축공사)(작성방법 포함),부서-건설부,bizforms
03표준 동업계약서(작성방법 포함),부서-건설부,bizforms
04표준 공사지명원(작성방법 포함),부서-건설부,bizforms
05표준 현장대리인계(공사관련)(작성방법 포함),부서-건설부,bizforms
06표준 하자보증 이행각서(작성방법 포함),부서-건설부,bizforms
07표준 품질관리 계획서(작성방법 포함),부서-건설부,bizforms
08표준 착공계(작성방법 포함),부서-건설부,bizforms
10표준 지불각서(대금)(작성방법 포함),부서-건설부,bizforms
공사지연 사유서,부서-건설부,bizforms
하자조사내역서,부서-건설부,bizforms
표준 하자보증 이행각서(작성방법 포함),부서-건설부,bizforms
신규공사 수주예정표,부서-건설부,bizforms
공사별 투입액 현황,부서-건설부,bizforms
현장공사 내역표,부서-건설부,bizforms
공사원가 계산서,부서-건설부,bizforms
공사분류 목록표,부서-건설부,bizforms
공사비 내역표,부서-건설부,bizforms
4분기 공사 예산내역,부서-건설부,bizforms
중대재해 이력확인서,부서-건설부,bizforms
공사 감독일지,부서-건설부,bizforms
현장출력일보,부서-건설부,bizforms
표준 동업계약서(작성방법 포함),부서-건설부,bizforms
해체작업계획서,부서-건설부,bizforms
해체계획서,부서-건설부,bizforms
착공계(일반),부서-건설부,bizforms
건설작업일지,부서-건설부,bizforms
설계 유효성확인보고서,부서-건설부,bizforms
설계심사 회의록,부서-건설부,bizforms
작업인수인계서,부서-건설부,bizforms
현장설명 청취보고서,부서-건설부,bizforms
설계 계획서,부서-건설부,bizforms
공사선급금 사용신청서,부서-건설부,bizforms
하반기 공사일정표,부서-건설부,bizforms
건축공정표,부서-건설부,bizforms
감리일정표,부서-건설부,bizforms
공사사진대지,부서-건설부,bizforms
표준 안전관리 계획서(상세)(작성방법 포함),부서-건설부,bizforms
공사완료확인서,부서-건설부,bizforms
영수증,부서-건설부,bizforms
차용증서,부서-건설부,bizforms
표준 출퇴근기록부(근태관리-1개월용),부서-건설부,bizforms
공사예정 공정표,부서-건설부,bizforms
표준 공사하도급계약서(17조항)(작성방법 포함),부서-건설부,bizforms
노무비수령영수증,부서-건설부,bizforms
공사예정공정표,부서-건설부,bizforms
표준안전관리비 사용 계획서(공사금액 포함),부서-건설부,bizforms
일위대가표작성,부서-건설부,bizforms
공사일정표,부서-건설부,bizforms
공사현장,부서-건설부,bizforms
공사계약,부서-건설부,bizforms
자금관리,부서-건설부,bizforms
공사대금,부서-건설부,bizforms
계약보증금 지급각서,부서-건설부,bizforms
"정규직, 일용직 급여대장",부서-건설부,bizforms
일용직 급여대장,부서-건설부,bizforms
표준 착공계(작성방법 포함),부서-건설부,bizforms
(공사 용역 물품)대금청구서,부서-건설부,bizforms
표준 준공계(작성방법 포함),부서-건설부,bizforms
현장일보,부서-건설부,bizforms
지출결의서(가로절단형),부서-건설부,bizforms
공사정산서,부서-건설부,bizforms
급여지급명세서(6),부서-건설부,bizforms
거래명세표(공급받는자 보관용),부서-건설부,bizforms
표준안전관리비 항목별 사용내역서,부서-건설부,bizforms
공사원가계산서(1),부서-건설부,bizforms
"건설기술자보유, 경력증명서발급신청서",부서-건설부,bizforms
일용노임대장(고용보험포함),부서-건설부,bizforms
디자인 공사지명원(파스텔계열),부서-건설부,bizforms
공사입찰유의서,부서-건설부,bizforms
표준안전관리비 사용내역서,부서-건설부,bizforms
공사작업일지,부서-건설부,bizforms
불부합자료 소명서,부서-건설부,bizforms
공사시공이행각서,부서-건설부,bizforms
공사내역서,부서-건설부,bizforms
이행각서(하자),부서-건설부,bizforms
공사견적서(공사내용입력),부서-건설부,bizforms
표준 도급계약서(건물신축공사)(작성방법 포함),부서-건설부,bizforms
사실확인서(공사),부서-건설부,bizforms
선금급 정산 확인원,부서-건설부,bizforms
임금대장,부서-건설부,bizforms
지급요청서,부서-건설부,bizforms
임금대장(월별),부서-건설부,bizforms
거래명세표(건설),부서-건설부,bizforms
급여대장 총괄표,부서-건설부,bizforms
표준 공사 안전관리자 선임계(작성방법 포함),부서-건설부,bizforms
퇴직소득원천징수영수증,부서-건설부,bizforms
(내용증명)물품대금 청구(작성방법 포함),부서-건설부,bizforms
공사지명원(입찰참가),부서-건설부,bizforms
일일자금일보,부서-건설부,bizforms
선금급 사용 계획서,부서-건설부,bizforms
선금급 사용각서,부서-건설부,bizforms
공사시공계획서(소방설비),부서-건설부,bizforms
단가산출근거,부서-건설부,bizforms
공사기성내역서표지,부서-건설부,bizforms
유류비 신청,부서-건설부,bizforms
선금급신청서,부서-건설부,bizforms
공사원가계산서(2),부서-건설부,bizforms
착공계(제출용),부서-건설부,bizforms
공사관리약정서,부서-건설부,bizforms
영수증(1),부서-건설부,bizforms
한달매출현황표,부서-건설부,bizforms
공문(공사지명원),부서-건설부,bizforms
선금급 신청 사유서,부서-건설부,bizforms
공사감독일지,부서-건설부,bizforms
거래명세표 예제,부서-건설부,bizforms
(계약 계약기간연장 하자보수 선금지급)보증금납부서,부서-건설부,bizforms
공사기성 부분내역서,부서-건설부,bizforms
전도금청구서,부서-건설부,bizforms
출장비지급신청서,부서-건설부,bizforms
공사감리 보고서(감리자의견 포함),부서-건설부,bizforms
"부가세신고 점검, 현황표",부서-건설부,bizforms
공사도급내역서표지,부서-건설부,bizforms
동절기공사 시공계획서,부서-건설부,bizforms
착공계(시설공사),부서-건설부,bizforms
금융거래확인서,부서-건설부,bizforms
매출집계표,부서-건설부,bizforms
일계표,부서-건설부,bizforms
입금계좌지정서,부서-건설부,bizforms
공사(변경)예정공정표,부서-건설부,bizforms
가영수증,부서-건설부,bizforms
영수증첨부지,부서-건설부,bizforms
고정자산_관리표,부서-건설부,bizforms
정정신청 경위서,부서-건설부,bizforms
표준 기성청구서,부서-건설부,bizforms
도로공사신고서,부서-건설부,bizforms
일용노무비,부서-건설부,bizforms
호봉표(세부내용),부서-건설부,bizforms
표준 현장대리인계(공사관련)(작성방법 포함),부서-건설부,bizforms
선금급보증금납부서,부서-건설부,bizforms
표준 공사작업일지(작성방법 포함),부서-건설부,bizforms
세일즈일보,부서-영업부,bizforms
영업부 출장 일정보고,부서-영업부,bizforms
영업 업무일지,부서-영업부,bizforms
출장 결과 보고서,부서-영업부,bizforms
제작 견적서,부서-영업부,bizforms
상반기 매출보고서,부서-영업부,bizforms
월별 영업현황 보고서,부서-영업부,bizforms
제품별 수수료 리스트,부서-영업부,bizforms
회원 상담일지,부서-영업부,bizforms
분기별 실적보고서,부서-영업부,bizforms
예약자 리스트 (VIP),부서-영업부,bizforms
분기 업무실적 보고서,부서-영업부,bizforms
출장 신청서,부서-영업부,bizforms
성과 보고서,부서-영업부,bizforms
외부업체 방문대장,부서-영업부,bizforms
월간 수주 리스트,부서-영업부,bizforms
외근활동일보,부서-영업부,bizforms
하반기 판매계획표,부서-영업부,bizforms
납품표 (공급자보관용),부서-영업부,bizforms
단가인상협조문,부서-영업부,bizforms
거래합의서,부서-영업부,bizforms
건축자재단가표,부서-영업부,bizforms
납품 완료 확인서,부서-영업부,bizforms
공급 중지 공문,부서-영업부,bizforms
단가인하요청서,부서-영업부,bizforms
주간 영업계획내역서,부서-영업부,bizforms
상품판매량 현황표,부서-영업부,bizforms
계약단가표,부서-영업부,bizforms
외근 신청서,부서-영업부,bizforms
상품판매 현황표,부서-영업부,bizforms
판매 주간보고서,부서-영업부,bizforms
판매현황보고서,부서-영업부,bizforms
물품거래원장,부서-영업부,bizforms
만족도평가서,부서-영업부,bizforms
영업일정표,부서-영업부,bizforms
광고 제안서,부서-영업부,bizforms
납품리스트,부서-영업부,bizforms
판촉계획서,부서-영업부,bizforms
영업일지,부서-영업부,bizforms
반품관리대장,부서-영업부,bizforms
영업부,부서-영업부,bizforms
제휴요청서,부서-영업부,bizforms
광고관리대장,부서-영업부,bizforms
판매내역서,부서-영업부,bizforms
가격현황표,부서-영업부,bizforms
모델별 판매현황표,부서-영업부,bizforms
교육 학술 교류 영문 양해각서(MOU),부서-영업부,bizforms
부서별 실적추이,부서-영업부,bizforms
광고 보고서,부서-영업부,bizforms
밸런타인데이 행사 판매대장,부서-영업부,bizforms
"견적서(생산, 제조)",부서-영업부,bizforms
영업부 주간 일정표,부서-영업부,bizforms
"영업활동 보고서(회사, 문제정보)",부서-영업부,bizforms
영업 매출 계획표,부서-영업부,bizforms
월간 영업 계획표,부서-영업부,bizforms
월별 영업 계획서,부서-영업부,bizforms
영업 계획서(국내 영업부),부서-영업부,bizforms
판매일지,부서-영업부,bizforms
영업 제휴 협정서,부서-영업부,bizforms
판매 데이타 보고서,부서-영업부,bizforms
영업일보,부서-영업부,bizforms
직원근무성적평정표(일반사원용)대리,부서-영업부,bizforms
명함입력관리 자동화양식,부서-영업부,bizforms
거래처별 판매 계획표,부서-영업부,bizforms
영업 보고서(상세),부서-영업부,bizforms
마케팅설문,부서-영업부,bizforms
연간 판매 계획표(거래처별),부서-영업부,bizforms
영업업무절차서,부서-영업부,bizforms
영업사원의 문제점과 개선책 검토 시트,부서-영업부,bizforms
근무성적평정표(과장급이상),부서-영업부,bizforms
거래내역확인서,부서-영업부,bizforms
인사발령,부서-영업부,bizforms
업무결산일지(자영-영업),부서-영업부,bizforms
일일 영업계획표,부서-영업부,bizforms
월간 영업 계획서(영업소별),부서-영업부,bizforms
업무추진현황(영업부),부서-영업부,bizforms
업무추진현황,부서-영업부,bizforms
고객불만접수대장,부서-영업부,bizforms
월영업판매현황,부서-영업부,bizforms
최고장,부서-영업부,bizforms
영업스케줄,부서-영업부,bizforms
()월 수입실적,부서-영업부,bizforms
월간 판매 보고서,부서-영업부,bizforms
일일판매보고,부서-영업부,bizforms
연간 판매 계획서,부서-영업부,bizforms
사원카드,부서-영업부,bizforms
실적증명서(계약남품),부서-영업부,bizforms
판촉활동일지,부서-영업부,bizforms
내수영업 매출채권 연령별 연체현황,부서-영업부,bizforms
판매단가결정품의서,부서-영업부,bizforms
영업주보(영업실적),부서-영업부,bizforms
원재료 수불명세서,부서-영업부,bizforms
판매 계획서(국내),부서-영업부,bizforms
수주관리카드,부서-영업부,bizforms
납품가격변동 보고서(품명별),부서-영업부,bizforms
신개발품 개발 관리대장,부서-영업부,bizforms
목표 항목별 달성 평가서,부서-영업부,bizforms
단가확인증,부서-영업부,bizforms
PO 접수대장,부서-영업부,bizforms
()월도()부매출일계.누계표,부서-영업부,bizforms
고객불만처리요구서,부서-영업부,bizforms
단가변동검토의뢰서,부서-영업부,bizforms
고객영업팀 실적표,부서-영업부,bizforms
수주표,부서-영업부,bizforms
고객불만처리대장,부서-영업부,bizforms
직원근무성적평정표(기술사원),부서-영업부,bizforms
담당자별 영업일보,부서-영업부,bizforms
방문예정판매실시 계획표,부서-영업부,bizforms
가격변동현황표,부서-영업부,bizforms
신개발품 개발의회서 및 보고서,부서-영업부,bizforms
주간 출하 요청(계획)표,부서-영업부,bizforms
월 생산요청서,부서-영업부,bizforms
"주간업무보고서(생산, 제조)",부서-영업부,bizforms
개별판매 계획표,부서-영업부,bizforms
신용정보조회의뢰서,부서-영업부,bizforms
일일 접수 현황표,부서-영업부,bizforms
고객불만처리통보서,부서-영업부,bizforms
상품 수불명세서,부서-영업부,bizforms
프로모션 기획서,부서-기획비서,bizforms
1분기 전략 제안서,부서-기획비서,bizforms
명절 이벤트 기획서,부서-기획비서,bizforms
프로그램 제작서,부서-기획비서,bizforms
제조업 사업계획서 샘플(벤처기업),부서-기획비서,bizforms
정기총회회의록,부서-기획비서,bizforms
행사식순표,부서-기획비서,bizforms
기안서(결재란 포함),부서-기획비서,bizforms
홍보영상제안서,부서-기획비서,bizforms
행사기획안,부서-기획비서,bizforms
업무보고서(기본형),부서-기획비서,bizforms
신제품개발계획서,부서-기획비서,bizforms
행사기획서,부서-기획비서,bizforms
워크샵 지출품의서,부서-기획비서,bizforms
소방안전점검일지,부서-기획비서,bizforms
화장품제안서,부서-기획비서,bizforms
워크숍계획안,부서-기획비서,bizforms
홍보결과보고서,부서-기획비서,bizforms
공동 아이디어 제안서,부서-기획비서,bizforms
호텔제안서,부서-기획비서,bizforms
전시회계획서,부서-기획비서,bizforms
개발용역제안서,부서-기획비서,bizforms
주총회의록,부서-기획비서,bizforms
지역축제기획서,부서-기획비서,bizforms
워크샵 체크리스트,부서-기획비서,bizforms
사내 행사 체크리스트,부서-기획비서,bizforms
직무연수계획서,부서-기획비서,bizforms
영화마케팅활용제안서,부서-기획비서,bizforms
구매요구서(일반형),부서-기획비서,bizforms
비서업무일지,부서-기획비서,bizforms
사내 행사 보고서,부서-기획비서,bizforms
프로젝트의뢰서,부서-기획비서,bizforms
프로모션 계획서,부서-기획비서,bizforms
밸런타인데이 행사 상품기획서,부서-기획비서,bizforms
워크샵 경비지원신청서,부서-기획비서,bizforms
신년도 이벤트 계획서,부서-기획비서,bizforms
한글날 이벤트 기획서,부서-기획비서,bizforms
설날선물계획서,부서-기획비서,bizforms
추석 이벤트 기획서,부서-기획비서,bizforms
동절기 프로젝트 계획표,부서-기획비서,bizforms
가을고객이벤트내역,부서-기획비서,bizforms
이벤트 중간 결과문,부서-기획비서,bizforms
팩스 전송 양식,부서-기획비서,bizforms
자원봉사활동 참가 확인서,부서-기획비서,bizforms
업무협조문(경영기획),부서-기획비서,bizforms
나의 제안서(회사용),부서-기획비서,bizforms
스케줄양식,부서-기획비서,bizforms
세미나 공문예제(사업계획서 작성방법 교육),부서-기획비서,bizforms
업무추진 계획표,부서-기획비서,bizforms
협력업체 평가서,부서-기획비서,bizforms
사업신청 및 계획서,부서-기획비서,bizforms
사업추진전략,부서-기획비서,bizforms
시장조사 보고서(면담),부서-기획비서,bizforms
"기획, 비서기안용지",부서-기획비서,bizforms
세금계산서 발행 요청 리스트(2),부서-기획비서,bizforms
업무 계획서(표 형식),부서-기획비서,bizforms
"제안서, 자체개선 활동 양식",부서-기획비서,bizforms
일반과제 제안서,부서-기획비서,bizforms
상품제안서,부서-기획비서,bizforms
체육대회 기획안,부서-기획비서,bizforms
월중 업무 계획서,부서-기획비서,bizforms
워크샵 기획안(전체일정 포함),부서-기획비서,bizforms
대학교 졸업논문계획서,부서-기획비서,bizforms
개선 제안서,부서-기획비서,bizforms
세금계산서 발행 요청 리스트,부서-기획비서,bizforms
협력업체평가표,부서-기획비서,bizforms
년간교육 계획서(월별표시),부서-기획비서,bizforms
강의계획서(기본구성),부서-기획비서,bizforms
"기안지(기획, 비서)",부서-기획비서,bizforms
참가확인서,부서-기획비서,bizforms
"양해각서(MOU, 소프트웨어)",부서-기획비서,bizforms
강의계획서(상세계획),부서-기획비서,bizforms
예산 계획서(해외사업부),부서-기획비서,bizforms
업무계획서,부서-기획비서,bizforms
경비 계획서(월별 예산),부서-기획비서,bizforms
개선활동 계획서,부서-기획비서,bizforms
일일업무,부서-기획비서,bizforms
협력업체 평가 질의서,부서-기획비서,bizforms
상담일지,부서-기획비서,bizforms
개선 제안 심사표,부서-기획비서,bizforms
추계체육한마당 축구경기 대진표 및 경기방법,부서-기획비서,bizforms
부서별 인력수급 계획(인건비 계획),부서-기획비서,bizforms
추계체육한마당 기획안,부서-기획비서,bizforms
각서(부가가치세 신고 및 관련 사항 위임),부서-기획비서,bizforms
2003학년도 수시 합격자 교양교육 프로그램 참가 확인서,부서-기획비서,bizforms
경비 계획 산출근거서(일반관리비),부서-기획비서,bizforms
기술지원요청서,부서-기획비서,bizforms
농촌봉사활동 참가 확인서,부서-기획비서,bizforms
업무계획서(과정별),부서-기획비서,bizforms
IR실천을_위한_기술적_방법,부서-기획비서,bizforms
업체실태조사서,부서-기획비서,bizforms
품의와 결재경로 Sample,부서-기획비서,bizforms
일정별 견학보고서,부서-기획비서,bizforms
내부감사 일정 계획서,부서-기획비서,bizforms
추계체육한마당 배구경기 대진표 및 경기방법,부서-기획비서,bizforms
연간 수련활동 참가 확인서,부서-기획비서,bizforms
감사계획서(방침과 목표별도기재),부서-기획비서,bizforms
추계체육한마당 족구경기 대진표 및 경기방법,부서-기획비서,bizforms
생산일보,부서-기획비서,bizforms
경비 계획서(국내외 출장),부서-기획비서,bizforms
안건진행현황표,부서-기획비서,bizforms
추계체육한마당 대회 규정,부서-기획비서,bizforms
사장지시사항처리대장1,부서-기획비서,bizforms
산업재팀 업무분장,부서-기획비서,bizforms
감사수행경력서,부서-기획비서,bizforms
2003 Dinner Party 참가확인서,부서-기획비서,bizforms
내부품질감사 결과 보고서(요약),부서-기획비서,bizforms
"기획, 비서기안용지(상세)",부서-기획비서,bizforms
임원취임서약서,부서-기획비서,bizforms
제안관리대장,부서-기획비서,bizforms
"한문 기획, 비서기안서",부서-기획비서,bizforms
납품 기안서,부서-기획비서,bizforms
감사 계획서(년도별 결재항목기록),부서-기획비서,bizforms
산업시찰 참가확인서,부서-기획비서,bizforms
장기생산 계획표(거래처별),부서-기획비서,bizforms
친선축구대회 공지,부서-기획비서,bizforms
경비 계획서(광고),부서-기획비서,bizforms
개인별 개선 제안 실적표,부서-기획비서,bizforms
ÀÌ·Â¼­(±âº»),취업-이력서,bizforms
¾Æ¸£¹ÙÀÌÆ® ÀÌ·Â¼­(ºÎ¸ð´Ô µ¿..,취업-이력서,bizforms
ÀÌ·Â¼­(»ùÇÃ),취업-이력서,bizforms
"Ç¥ÁØ ÀÌ·Â¼­(ÀÎ»ç±ÔÁ¤, ÀÛ¼º¹æ..",취업-이력서,bizforms
ÀÌ·Â¼­(°æ·Â),취업-이력서,bizforms
ÀÌ·Â¼­ ÀÛ¼º °¡ÀÌµå,취업-이력서,bizforms
¾Æ¸£¹ÙÀÌÆ® ÀÌ·Â¼­,취업-이력서,bizforms
ÀÌ·Â¼­(¿ª·®±â¹ÝÁö¿ø¼­),취업-이력서,bizforms
ÀÌ·Â¼­ ÀÚµ¿ÀÛ¼º(°¡ÀÌµåºÏ Æ÷..,취업-이력서,bizforms
ÇÑ¹® ±âº»ÀÌ·Â¼­ ÀÚµ¿ÀÛ¼º(°¡..,취업-이력서,bizforms
¿öµå ÀÌ·Â¼­(»ó¼¼),취업-이력서,bizforms
Ç¥ÁØ ÀÌ·Â¼­,취업-이력서,bizforms
½ÅÀÔ(°æ·Â)ÀÌ·Â¼­ ÀÚµ¿ÀÛ¼º(5..,취업-이력서,bizforms
¾Ë¹Ù ÀÌ·Â¼­(±âº»),취업-이력서,bizforms
¾Ë¹Ù ÀÌ·Â¼­(»ó¼¼),취업-이력서,bizforms
¿öµå ÀÌ·Â¼­(±âº»),취업-이력서,bizforms
±âº» ¹®±¸Á¡ ÀÌ·Â¼­(³ë¹«ºÎ),취업-이력서,bizforms
·Î±×ÀÎ,취업-이력서,bizforms
È¸¿ø°¡ÀÔ ¾È³»,취업-이력서,bizforms
ºñÈ¸¿ø ±¸¸ÅÈ®ÀÎ,취업-이력서,bizforms
°í°´¼¾ÅÍ,취업-이력서,bizforms
±â¾÷º° ÀÚ±â¼Ò°³¼­,취업-이력서,bizforms
ºÐ¾ßº° ÀÚ±â¼Ò°³¼­,취업-이력서,bizforms
ÀÌ·Â¼­ ¾ç½Ä,취업-이력서,bizforms
ÀÌ»ö ÀÌ·Â¼­,취업-이력서,bizforms
°æ·Â±â¼ú¼­,취업-이력서,bizforms
ÃßÃµ¼­,취업-이력서,bizforms
¿µ¹® ÀÌ·Â¼­,취업-이력서,bizforms
¿µ¹® ÀÚ±â¼Ò°³¼­,취업-이력서,bizforms
Ä¿¹ö·¹ÅÍ,취업-이력서,bizforms
¼­ºñ½º ¼Ò°³,취업-이력서,bizforms
ÀÌ¿ë¾È³»,취업-이력서,bizforms
¼­ºñ½º ½ÅÃ» ÇöÈ²,취업-이력서,bizforms
ºñÁîÆûÀ¸·Î °¡ÀÔÇÏ±â,취업-이력서,bizforms
È¸»ç¼Ò°³,취업-이력서,bizforms
ÀÌ¿ë¾à°ü,취업-이력서,bizforms
Á¦ÈÞ¹®ÀÇ,취업-이력서,bizforms
°³ÀÎÁ¤º¸Ãë±Þ¹æÄ§,취업-이력서,bizforms
»çÀÌÆ®¸Ê,취업-이력서,bizforms
°æ·Â±â¼ú¼­ (ºê·£µå µðÀÚÀÌ³Ê),취업-경력기술서,bizforms
°æ·Â±â¼ú¼­ (ÃâÆÇ±âÈ¹ÀÚ),취업-경력기술서,bizforms
°æ·Â±â¼ú¼­ (´ëÇÐº´¿ø °£È£»ç),취업-경력기술서,bizforms
°æ·Â±â¼ú¼­ (±×·¡ÇÈ µðÀÚÀÌ³Ê),취업-경력기술서,bizforms
°æ·Â±â¼ú¼­ (ÀÇ·á±â±â ¿µ¾÷Á÷),취업-경력기술서,bizforms
°æ·Â±â¼ú¼­ (ÀÎ»ç±âÈ¹Á÷),취업-경력기술서,bizforms
°æ·Â±â¼ú¼­ (Àü·«±âÈ¹),취업-경력기술서,bizforms
°æ·Â±â¼ú¼­ (¿µ»ó µðÀÚÀÌ³Ê),취업-경력기술서,bizforms
°æ·Â±â¼ú¼­ (Áõ±Ç¿µ¾÷),취업-경력기술서,bizforms
°æ·Â±â¼ú¼­ (ÄÜÅÙÃ÷ µðÀÚÀÌ³Ê),취업-경력기술서,bizforms
°æ·Â±â¼ú¼­ (R&D ±âÈ¹Á÷),취업-경력기술서,bizforms
°æ·Â±â¼ú¼­ (ÀÚµ¿Â÷ ¿µ¾÷),취업-경력기술서,bizforms
°æ·Â±â¼ú¼­ (¾Û µðÀÚÀÌ³Ê),취업-경력기술서,bizforms
°æ·Â±â¼ú¼­ (Ä¡À§»ý»ç),취업-경력기술서,bizforms
°æ·Â±â¼ú¼­ (°ÔÀÓµðÀÚÀÌ³Ê),취업-경력기술서,bizforms
°æ·Â±â¼ú¼­ (À¥ ±âÈ¹ÀÚ),취업-경력기술서,bizforms
°æ·Â±â¼ú¼­ (Ä³¸¯ÅÍ µðÀÚÀÌ³Ê),취업-경력기술서,bizforms
°æ·Â±â¼ú¼­ (»ê¾÷ µðÀÚÀÌ³Ê),취업-경력기술서,bizforms
°æ·Â±â¼ú¼­ (ºÎµ¿»ê ¿µ¾÷Á÷),취업-경력기술서,bizforms
°æ·Â±â¼ú¼­ (ÇØ¿Ü ¿µ¾÷Á÷),취업-경력기술서,bizforms
°æ·Â±â¼ú¼­ (³×Æ®¿öÅ© ¿µ¾÷Á÷),취업-경력기술서,bizforms
°æ·Â±â¼ú¼­ (±¤°í ¿µ¾÷),취업-경력기술서,bizforms
°æ·Â±â¼ú¼­ (ÀÏ·¯½ºÆ®·¹ÀÌÅÍ),취업-경력기술서,bizforms
°æ·Â±â¼ú¼­ (Çà»ç±âÈ¹),취업-경력기술서,bizforms
°æ·Â±â¼ú¼­ (»ê¾÷ °£È£»ç),취업-경력기술서,bizforms
°æ·Â±â¼ú¼­ (¼Ò¾Æ°ú°£È£»ç),취업-경력기술서,bizforms
°æ·Â±â¼ú¼­ (¿©Çà»ç ¿µ¾÷Á÷),취업-경력기술서,bizforms
°æ·Â±â¼ú¼­ (·»Å» ¿µ¾÷Á÷),취업-경력기술서,bizforms
°æ·Â±â¼ú¼­ (ÇÁ·£Â÷ÀÌÁî ¿µ¾÷),취업-경력기술서,bizforms
°æ·Â±â¼ú¼­ (ÁÖ·ù¿µ¾÷),취업-경력기술서,bizforms
°æ·Â±â¼ú¼­ (¸¶Ãë°£È£»ç),취업-경력기술서,bizforms
°æ·Â±â¼ú¼­ (ÀÌºñÀÎÈÄ°ú °£È£..,취업-경력기술서,bizforms
"°æ·Â±â¼ú¼­(±¤°íÈ«º¸, ¸¶ÄÉÆÃ)",취업-경력기술서,bizforms
°æ·Â±â¼ú¼­(IT),취업-경력기술서,bizforms
°æ·Â±â¼ú¼­ (Á¦¾à ¿µ¾÷Á÷),취업-경력기술서,bizforms
°æ·Â±â¼ú¼­ (¸¶ÄÉÆÃ ±âÈ¹ÀÚ),취업-경력기술서,bizforms
°æ·Â±â¼ú¼­ (À¥ µðÀÚÀÌ³Ê),취업-경력기술서,bizforms
°æ·Â±â¼ú¼­ (ÆÐ¼Ç µðÀÚÀÌ³Ê),취업-경력기술서,bizforms
°æ·Â±â¼ú¼­ (ÀÀ±Þ½Ç °£È£»ç),취업-경력기술서,bizforms
°æ·Â±â¼ú¼­ (°ÇÃà µðÀÚÀÌ³Ê),취업-경력기술서,bizforms
°æ·Â±â¼ú¼­ (°ø°£ µðÀÚÀÌ³Ê),취업-경력기술서,bizforms
°æ·Â±â¼ú¼­ (¿µ¾÷±âÈ¹ÀÚ),취업-경력기술서,bizforms
°æ·Â±â¼ú¼­ (¹°¸®Ä¡·á»ç),취업-경력기술서,bizforms
°æ·Â±â¼ú¼­ (°£È£Á¶¹«»ç),취업-경력기술서,bizforms
°æ·Â±â¼ú¼­ (¼­ºñ½º ±âÈ¹ÀÚ),취업-경력기술서,bizforms
°æ·Â±â¼ú¼­ (»óÇ° ±âÈ¹ÀÚ),취업-경력기술서,bizforms
°æ·Â±â¼ú¼­ (Àç¹« ±âÈ¹ÀÚ),취업-경력기술서,bizforms
°æ·Â±â¼ú¼­ (ºê·£µå ±âÈ¹ÀÚ),취업-경력기술서,bizforms
°æ·Â±â¼ú¼­ (»ó´ã °£È£»ç),취업-경력기술서,bizforms
°æ·Â±â¼ú¼­ (±¤°í µðÀÚÀÌ³Ê),취업-경력기술서,bizforms
°æ·Â±â¼ú¼­ (°ø¿¬ ±âÈ¹ÀÚ),취업-경력기술서,bizforms
°æ·Â±â¼ú¼­ (±¤°í ±âÈ¹ÀÚ),취업-경력기술서,bizforms
°æ·Â±â¼ú¼­ (À½¹Ý ±âÈ¹ÀÚ),취업-경력기술서,bizforms
°æ·Â±â¼ú¼­ (ÇÁ·Î¸ð¼Ç ±âÈ¹ÀÚ),취업-경력기술서,bizforms
°æ·Â±â¼ú¼­ (Ä£È¯°æ µðÀÚÀÌ³Ê),취업-경력기술서,bizforms
°æ·Â±â¼ú¼­(»ç¹«Á÷_È¸°è),취업-경력기술서,bizforms
µðÀÚÀÎ°æ·Â¼­,취업-경력기술서,bizforms
°æ·Â±â¼ú¼­(¿µ¾÷),취업-경력기술서,bizforms
°æ·Â±â¼ú¼­(µðÀÚÀÌ³Ê),취업-경력기술서,bizforms
°æ·Â±â¼ú¼­(ÀÏ¹Ý»ç¹«)_Àü¹®°¡ ..,취업-경력기술서,bizforms
